preset,volumeId,title,queries,publicationShape,categories,pageCount,shapePassed,enteredScoring,reason,inferredAudienceBand,formatIdentity,audienceDecision,audienceRejectionReason,recommendationIdentity,descriptionSnippet
Test A,DcL2zgEACAAJ,"Randy The Lonely Rabbit","kids friendship picture book",unknown,"",36,false,false,,,,,,,"This beautifully illustrated book is for children who are looking to make new friends at school. It features kid-friendly illustrations, an easy-to-read text format, and offers a c"
Test A,BmXozgEACAAJ,"Maks The Cat Makes Friends","kids friendship picture book",novel,"",32,true,true,entered_scoring,kids,picture_book,accepted_k2_independent_audience_and_format,,ambiguous,"How do you find friends and have fun? If you want to teach your child the importance of friendship, then this cute picture book ebook is the right choice for you. Whether your chil"
Test A,B2P7AwAAQBAJ,"Giraffe and Elephant Are Friends (A Children's Picture Book)","kids friendship picture book",unknown,"Juvenile Fiction",29,false,false,,,,,,,"Children's author David Eastman presents ""Giraffe and Elephant Are Friends."" The book uses captivating illustrations and carefully chosen words to teach young children about friend"
Test A,AKltswEACAAJ,"Friends Together. [A Picture Book for Children.].","kids friendship picture book",unknown,"",,false,false,,,,,,,""
Test A,EY8B5oAYIn8C,"International Friendship Thru Children's Books","kids friendship picture book",unknown,"Children's literature",16,false,false,,,,,,,"... <b>children</b> - Macmillan Home book of verse for young folks - Holt This singing world - Harcourt Come hither - Knopf <b>PICTURE BOOKS</b> With English text <b>Picture book</"
Test A,wyWUygEACAAJ,"The Wheels -The Friendship Race","kids friendship picture book",novel,"Juvenile Fiction",32,true,true,entered_scoring,kids,picture_book,accepted_k2_independent_audience_and_format,,ambiguous,"What is friendship? Join three good friends as they discover what real friendship means. They start a race, but decide to finish it together, helping a friend who got in trouble. T"
Test A,jdd20QEACAAJ,"A Friend Is Someone Who - A Children's Book About Friendship for Kids Ages 3-9 - Discover the Keys of Kindness to Making Friends, Being a Good Friend, & Growing Friendships","kids friendship picture book",unknown,"Juvenile Fiction",0,false,false,,,,,,,"Discover the true meaning of friendship - This charming picture book teaches kids how to be kind, supportive, and caring while building strong and lasting friendships. Perfect for "
Test A,wuE3EQAAQBAJ,"Reading LGBTQ+ Children's Picture Books","kids friendship picture book",critical_study,"Literary Criticism",194,false,false,,,,,,,"Contributions by Sara Austin, Rob Bittner, J. Bradley Blankenship, Gabriel Duckels, Caitlin Howlett, Isabel Millán, Jennifer Miller, Kaylee Jangula Mootz, Tim Morris, Dana Rudolph,"
Test A,VjD2MAAACAAJ,"Give Me Back My Book!","kids friendship picture book",unknown,"Juvenile Fiction",0,false,false,,,,,,,"This book is full of wonderful WORDS and beautiful PICTURES! And it's EXCITING! And it's FUNNY! It might be the BEST BOOK EVER—if we could decide whose book it is. Redd and Bloo ex"
Test A,mlDEEAAAQBAJ,"Stories, Time and Again","kids friendship picture book",nonfiction,"Language Arts & Disciplines",210,false,false,,,,,,,"Lively and imaginative book-based programs make it easy to engage young learners, while building their literacy and reading skills, and their love of books and reading. Your librar"
Test A,E9gYAAAAIAAJ,"The Child's First Books","kids friendship picture book",public_domain_compilation,"Children",66,false,false,,,,,,,"Including a List of Over Four Hundred Selected Books for the Preschool <b>Child</b> Elsa H. Naumburg ... <b>friends</b> . Four and Twenty Toilers .... By E. V. Lucas Illustrated by"
Test A,YNRjEAAAQBAJ,"Saving Our Sons","kids friendship picture book",nonfiction,"Social Science",180,false,false,,,,,,,"Raising Black Teen Boys in Turbulent Times ""It is always heartening to see women step up to the writer's table. When the results are as adroit and affecting as Marita Golden's work"
Test A,znahDwAAQBAJ,"Children’s Literature in Hitler’s Germany","kids friendship picture book",academic_text,"Literary Criticism",349,false,false,,,,,,,"Between 1933 and 1945, National Socialists enacted a focused effort to propagandize children’s literature by distorting existing German values and traditions with the aim of creati"
Test A,22-N0QEACAAJ,"The Magic of Making Friends","kids friendship picture book",nonfiction,"Psychology",0,false,false,,,,,,,"Shadow is a shy black puppy who just moved to a new neighborhood. Surrounded by playful kittens, bunnies, ducklings, and hedgehogs, Shadow feels alone-until a shimmering golden flo"
Test A,LKoKEQAAQBAJ,"How Deep Is Your Love","kids friendship picture book",novel,"Juvenile Fiction",21,true,true,entered_scoring,kids,picture_book,accepted_k2_independent_audience_and_format,,ambiguous,"A majestic picture book based on the Bee Gees's classic love song ""How deep is your love? I really mean to learn 'Cause we're living in a world of fools Breaking us down When they "
Test A,ZRu6DAAAQBAJ,"Flovelys Children ́s Picture Book of love","kids friendship picture book",novel,"Juvenile Fiction",55,true,true,entered_scoring,kids,picture_book,accepted_k2_independent_audience_and_format,,ambiguous,"Children's Book: Flovely ́s Children ́s Picture Book of love „Flovely loves you!“ is a lovingly illustrated Boost-book for young children. Clear images in flat design and simple rh"
Test A,gMtIAAAAcAAJ,"The London Catalogue of Books Published in Great Britain","kids friendship picture book",reference,"",308,false,false,,,,,,,"... <b>Friends</b> , a Tale . Hansard Μ.Α. Gift to his <b>Children</b> . <b>Friendship</b> , a Tale . Leisure Hours . Fruits of Enterprise ; Belzoni&#39;s Travels . Games and Amuse"
Test A,fxcQAQAAMAAJ,"Picture Book Storytelling","kids friendship picture book",nonfiction,"Education",276,false,false,,,,,,,"Grade level: 1, 2, 3, k, p, e, t."
Test A,2DubJ7j7eNwC,"The Missionary Education of Primary Children","kids friendship picture book",public_domain_compilation,"Missions",208,false,false,,,,,,,"... <b>Child</b> Life in Other Lands ; Life in China ; Life in the South Seas ; Life in Africa ; Life in Japan . <b>Picture</b> Sheet Series . <b>Friendship</b> ... <b>Child</b> Li"
Test A,VU7hAAAAMAAJ,"Books Kids Will Sit Still For 3: A Read-Aloud Guide","kids friendship picture book | kids humorous picture book",nonfiction,"Language Arts & Disciplines",974,false,false,,,,,,,"An updated compilation which offers criteria for selecting good read-alouds, indexing over 1,700 books for children by author/illustrator, title, and a wide range of subjects; it i"
Test A,iZFvBAAAQBAJ,"Box Set Set Children's Books: Snake Picture Book - Frog Picture Book - Humor Unicorns - Funny Cat Book For Kids Dog Humor","kids humorous picture book",nonfiction,"Juvenile Nonfiction",527,false,false,,,,,,,"Inside the frog and toad discovery book your child will learn about things like: * What Is The History Of Frogs? * What Are The Differences Between Frogs & Toads * Where Are Frogs "
Test A,Y9xPCwAAQBAJ,"Laugh Out Loud! Book of Funny Pictures all over the World","kids humorous picture book",nonfiction,"Juvenile Nonfiction",15,false,false,,,,,,,"They say laughter is the best medicine, so this picture book comes as your doctor's prescription. This book is a collection of funny pictures from all over the world. This is the p"
Test A,A7ELBgAAQBAJ,"Kid Ebooks With Fun Stories & Kid Jokes","kids humorous picture book",story_collection,"Juvenile Fiction",52,true,false,k2_collection_or_bundle_activity_or_joke_compilation,kids,picture_book,accepted_k2_independent_audience_and_format,k2_collection_or_bundle_activity_or_joke_compilation,activity_or_joke_compilation,"El Ninjo's new kid ebook that is called African Bean Adventures In The Jungle is something for young & old. Whether you're a ""professional"" butt-whistler or just an amateur, El Nin"
Test A,8GUNHGutszEC,"The Essential Guide to Children's Books and Their Creators","kids humorous picture book",reference,"Reference",564,false,false,,,,,,,"Upon publication, Anita Silvey’s comprehensive survey of contemporary children’s literature, Children’s Books and Their Creators, garnered unanimous praise from librarians, educato"
Test A,aVWi0QPMBVMC,"Great Books About Things Kids Love","kids humorous picture book",reference,"Reference",466,false,false,,,,,,,"BOOKS THAT TURN CHILDREN INTO LIFE-LONG READERS! Most children want to read a book because it's about something they love or are curious about--dinosaurs, magic tricks, ballerinas,"
Test A,Q_nc0QEACAAJ,"Would it be Silly If...?","kids humorous picture book",nonfiction,"Juvenile Nonfiction",0,false,false,,,,,,,"This is a 8.5 by 8.5 kids picture book with 32 pages that will have children laughing out loud while answering the questions."
Test A,XX4YnwQACqIC,"The Endless Playground","kids humorous picture book",nonfiction,"Social Science",232,false,false,,,,,,,"This lavishly illustrated book takes a broad sweep through the history of Australian childhood, from the early nineteenth century to the present. Drawing on material from the Libra"
Test A,2VUwAQAAMAAJ,"British Books","kids humorous picture book",reference,"Bibliography",864,false,false,,,,,,,"... BOOK TO CUT AND GLUE . 1s , 6d . net . By Grace G. Wiederseim . PIGGY WIGGY . DUCKY DADDLES Companion books to the &quot; Kitty Puss &quot; Series , which were the &quot; hit o"
Test A,qDAXAAAAIAAJ,"Red Riding Hood, The Seven Kids","kids humorous picture book",public_domain_compilation,"Readers (Elementary)",104,false,false,,,,,,,"... <b>picture book</b> , &quot; Slovenly Peter , &quot; we have in perfect serial story , the tale of a heedless boy&#39;s mishaps at home and at school . The &quot; Slovenly Pete"
Test A,mpRiRwp5xzwC,"The Publishers Weekly","kids humorous picture book",public_domain_compilation,"American literature",1414,false,false,,,,,,,"... <b>humorous</b> drawings in black and white , with nonsense quatrains , distorted ... <b>pictures</b> of the red man . WESTERN LIFE AS SEEN BY E. W. DEMING ... <b>book</b> for "
Test A,OW3SQRo3LDEC,"The Publisher","kids humorous picture book",public_domain_compilation,"",1238,false,false,,,,,,,"... <b>children</b> had upon a little friend less fortunately situated than themselves . A Bunch of Cousins . 2/6 A splendid <b>book</b> for younger <b>children</b> , in which Mrs."
Test A,GJbcgtK2PmIC,"The Publishers' Circular and Booksellers' Record","kids humorous picture book",reference,"Bibliography",916,false,false,,,,,,,"... <b>Book</b> Annual ( 22nd Year ) 6s . net . Crown 4to . <b>Picture</b> Boards . With 12 Plates in Colour and hundreds of illustrations in tints . <b>Humorous</b> Endpapers and "
Test A,1J8LAQAAMAAJ,"Children's Literature","kids humorous picture book",nonfiction,"Education",464,false,false,,,,,,,"Children's Literature: An Invitation to the World is written and organized in a manner that engages the readers and that will instill confidence in teachers when selecting and usin"
Test A,FTcqOUqE7FoC,"The Bookseller","kids humorous picture book",reference,"Bibliography",924,false,false,,,,,,,"... BOOK to CUT &amp; GLUE By C. A. and G. A. Williams . 1s . 6d . net . PIGGY WIGGY By Grace G. Wi derseim Companion books to the &quot; Kity Puss &#39; series , which were the hi"
Test A,4IeKyutnpOMC,"Publishers' Weekly","kids humorous picture book",public_domain_compilation,"",1418,false,false,,,,,,,"... <b>humorous</b> drawings in black and white , with nonsense quatrains , distorted ... <b>book</b> for <b>children</b> . It concerns the history of the Barnstable <b>children</b"
Test A,oqM_AQAAMAAJ,"The English Review","kids humorous picture book",public_domain_compilation,"Modernism (Literature)",886,false,false,,,,,,,"... <b>CHILDREN</b> . 3/6 A very piquant and clever story descriptive of the excellent ... <b>picture book</b> by the authors of &quot; <b>Funny</b> Bunnies , &quot; illustrating t"
Test A,8LA-MQAACAAJ,"Funny Short Stories for Kids","kids humorous picture book",story_collection,"",38,true,true,entered_scoring,kids,picture_book,accepted_k2_independent_audience_and_format,,ambiguous,"The charming, original illustrations and witty captions are sure to delight children of all ages as well as parents."
Test A,DLJUAAAAYAAJ,"Bookseller and Stationer","kids humorous picture book",public_domain_compilation,"",556,false,false,,,,,,,"... <b>jokes</b> and <b>pictures</b> , both in color and black and white , make up the rich volume . The cover of the quarto is of <b>picture</b> boards , as always , with a stout "
Test A,HvgltPLPUmQC,"The Bookseller, Newsdealer and Stationer","kids humorous picture book",public_domain_compilation,"",558,false,false,,,,,,,"LE Courtesy of Cupples &amp; Leon Company . <b>Books</b> for <b>Children</b> ANNUALS NURSERY ... <b>picture</b> boards , as always , with a stout cloth back and the type , though ."
Test A,zXPOngEACAAJ,"The Seriously Silly 1-2-3 Book","kids rhyming picture book",nonfiction,"Juvenile Nonfiction",30,false,false,,,,,,,"""The Seriously Silly 1-2-3 Book"" became an international bestseller within days of its publication. In it, children are introduced to the numbers one through twenty using colorful "
Test A,rRPQygAACAAJ,"Mortimer's Book of What-Ifs","kids rhyming picture book",novel,"Juvenile Fiction",24,true,false,k2_unknown_or_non_k2_audience_without_credible_k2_evidence,adult,picture_book,rejected_k2_independent_audience_or_format,k2_unknown_or_non_k2_audience_without_credible_k2_evidence,,"Children's (kids) Rhyming Picture Book with a Where's Waldo appeal. All kids ask ""What if"" questions each and every day. This is the way that they learn and develop their growing m"
Test A,byiKngEACAAJ,"Count to Ten With Your New Friends!","kids rhyming picture book",nonfiction,"Juvenile Nonfiction",34,false,false,,,,,,,"""Count to Ten With Your New Friends"" became a #1 Bestseller within days of its publication and introduces children to the numbers one through ten using colorful drawings, fantastic"
Test A,orjVngEACAAJ,"Things You Might See #4","kids rhyming picture book",nonfiction,"Juvenile Nonfiction",38,false,false,,,,,,,"Every child will enjoy ""Things You Might See #4"" whether they've already started to read or aren't quite there yet. Using brightly-colored drawings and often funny rhymes, you'll r"
Test A,8I8MjwEACAAJ,"Everything Will Be Ok","kids rhyming picture book",unknown,"",26,false,false,,,,,,,"""If you are feeling down,"" ""Don't worry"" ""No need to frown."" ""Everything will be OK."" Throughout this book one courageous girl encourages everyone to carry on no matter what troubl"
Test A,t1Vr0QEACAAJ,"What a Funny Little Duck","kids rhyming picture book",nonfiction,"Juvenile Nonfiction",0,false,false,,,,,,,"A book with bright, exciting and funny illustrations and expressive, rhyming text that your children will want to read again and again - singing to themselves the wonderful rhymes "
Test A,EcdeMXbgsX8C,"Clutter Cut, Inc- A Fun Rhyming Picture Book for Kids","kids rhyming picture book",unknown,"",49,false,false,,,,,,,""
Test A,cHiDvgAACAAJ,"The Tickle Monster","kids rhyming picture book",novel,"",32,true,true,entered_scoring,kids,picture_book,accepted_k2_independent_audience_and_format,,ambiguous,"The Tickle Monster Arnie Lightning has created an instant classic with The Tickle Monster. This is a beautifully crafted picture book that children will LOVE! It is perfect for as "
Test A,WIu5ugEACAAJ,"The King's Party","kids rhyming picture book",unknown,"Juvenile Fiction",36,false,false,,,,,,,"The King's Party by BobbiCat is the story of a young girl who has nothing pretty to wear to the King's Party. She is heart-broken until her animal friends come to her rescue.-Vibra"
Test A,JV56jgEACAAJ,"Kid's Alphabet Fun: Rhyming Picture Book","kids rhyming picture book",unknown,"",34,false,false,,,,,,,"Children will be entertained and delighted while learning their ABCs with the 'Kid's Alphabet Fun Rhyming Picture Book.' Bright, colorful illustrations of kids playing on upper and"
Test A,BDNjzQEACAAJ,"Rhyming Activity Book","kids rhyming picture book",unknown,"",72,false,false,,,,,,,"Kids Love to Rhyme Words and This Rhyming Activity Book Makes It Fun!Why Learn to Rhyme? Promotes beginning reading skills Increases word recognition Builds phonetic skills Improve"
Test A,WA0MzgEACAAJ,"ABC of Things that Spin","kids rhyming picture book",unknown,"",30,false,false,,,,,,,"Axles, baby mobiles, cement trucks, and more. There's so much fun to explore! Enjoy this easy-to-read children's picture book especially for kids who love things that spin! Full of"
Test A,pXgVngEACAAJ,"Sally's Silly Hair Day","kids rhyming picture book",unknown,"",50,false,false,,,,,,,"""I've reviewed a number of children's picture books, many of them quite good, but this is one of the most creative ones that I've read in a while."" - J. Chambers Amazon Top 50 Revi"
Test A,cDORDwAAQBAJ,"How to Write a Children's Picture Book","kids rhyming picture book",writing_guide,"Reference",205,false,false,,,,,,,"WRITING FOR CHILDREN **UPDATED New Chapter: How to write a metafiction picture book** Kids and books—they just go together. Children’s picture books are an addictive passion! You l"
Test A,LWj4nQEACAAJ,"The Day My Mommy Quit!","kids rhyming picture book",novel,"Juvenile Fiction",34,true,true,entered_scoring,kids,picture_book,accepted_k2_independent_audience_and_format,,ambiguous,"The Day My Mommy Quit! Funny Rhyming Picture Book for Beginner Readers (Suitable for ages 2-8) Beautifully Illustrated Story that will have both parents and children laughing out l"
Test A,pp_fugEACAAJ,"Granddad's Picture Book","kids rhyming picture book",unknown,"Juvenile Fiction",30,false,false,,,,,,,"Granddad's Picture Book is the beautiful story of a grandfather's story time that will take the reader back in time and to fantasy lands of imagination. Your child will dance with "
Test A,4jdQDQEACAAJ,"What to Bee?","kids rhyming picture book",unknown,"",24,false,false,,,,,,,"Excerpt from the Book: ""Be friendly and treat others with care."" ""Happiness is amazing to share."" ""Be polite wherever you go."" ""Your good manners are great to show."" A young bee en"
Test A,F5WJjgEACAAJ,"Photograph","kids rhyming picture book",unknown,"",30,false,false,,,,,,,"Excerpt from the Book: ""With a photo I can capture a moment in time."" ""The moment is special."" ""The moment is mine."" Photograph is about a girl who loves photography. She loves tak"
Test A,EvWxugEACAAJ,"The Circus is Coming to Town","kids rhyming picture book",unknown,"Juvenile Fiction",40,false,false,,,,,,,"BobbiCat transports your child to the bright lights of pure delight under the big top in ""The Circus is Coming to Town"". There, among the aroma of popcorn, peanuts, cotton candy, a"
Test A,SH3DoAEACAAJ,"Counting Kids","kids rhyming picture book",nonfiction,"Juvenile Nonfiction",26,false,false,,,,,,,"“Counting Kids: A Fun Rhyming Picture Book of Numbers” is a fun way for children to learn to count to 10 and back again. With catchy rhymes and adorable illustrations, your child's"
Test B,Xe7zwgEACAAJ,"The Adventures of Kumuka James: Bedtime Story Fiction Children's Picture Book(kids Books Boys) (Best Books for 6 Year Olds), (Reading Books for Kids 6","kids adventure picture book",unknown,"Juvenile Fiction",36,false,false,,,,,,,"The Adventures of Kumuka James will quickly become a favorite at storytime, bedtime, or any other time. Kumuka James is a new fun children's adventure picture book with beautiful c"
Test B,L3d30QEACAAJ,"Pippin's Forest Adventure","kids adventure picture book",novel,"Juvenile Fiction",0,true,false,k2_collection_or_bundle_generic_bundle,kids,picture_book,accepted_k2_independent_audience_and_format,k2_collection_or_bundle_generic_bundle,generic_bundle,"A curious city pigeon. A forest full of surprises. A heartwarming picture book about friendship, courage, and the wonder of nature. When Pippin the pigeon leaves behind her busy ci"
Test B,Vsc8DwAAQBAJ,"The Long Island","kids adventure picture book",novel,"Juvenile Fiction",65,true,true,entered_scoring,kids,picture_book,accepted_k2_independent_audience_and_format,,ambiguous,"Some of us like the comfort of familiarity—staying close to the home we've always known, making a life, building a community. For some, the intimacy of the old routine is satisfact"
Test B,mWZpBgAAQBAJ,"Get Started in Writing an Illustrated Children's Book","kids adventure picture book",writing_guide,"Language Arts & Disciplines",196,false,false,,,,,,,"Do you have an irresistible idea for a children's book with pictures? Are you inspired by writers like Julia Donaldson and Lauren Child? Get Started in Writing and Illustrating A C"
Test B,R3u0oAEACAAJ,"Under the Sea Adventure","kids adventure picture book",novel,"",36,true,true,entered_scoring,kids,picture_book,accepted_k2_independent_audience_and_format,,ambiguous,"""This is a great book to teach children about marine life and sea animals.!"" When you were young did you get swept away with tales of adventure about sea creatures? With this book "
Test B,VJBNCgAAQBAJ,"The Mystery Box","kids adventure picture book",novel,"Juvenile Fiction",17,true,true,entered_scoring,kids,picture_book,accepted_k2_independent_audience_and_format,,ambiguous,"Age: From 4 years old Do you dream of becoming an adventurer? Discover Jack and Maddie’s fantastic journeys! This morning, Jack and Maddie have decided to spend a simple day fishin"
Test B,q-K1CgAAQBAJ,"Finding Wild","kids adventure picture book",novel,"Juvenile Fiction",17,true,true,entered_scoring,kids,picture_book,accepted_k2_independent_audience_and_format,,ambiguous,"A lovely, lyrical picture book with gorgeous illustrations that explores the ways the wild makes itself known to us and how much closer it is than we think. There are so many place"
Test B,uPjtEAAAQBAJ,"The Little Explorer: A Wholesome Adventure Picture Book for Kids","kids adventure picture book",novel,"Juvenile Fiction",29,true,false,k2_collection_or_bundle_generic_bundle,kids,picture_book,accepted_k2_independent_audience_and_format,k2_collection_or_bundle_generic_bundle,generic_bundle,"Are you ready to foster a love for curiosity and discovery in your child? Dive into the enchanting world of 'The Little Explorer,' where every page is a journey filled with hidden "
Test B,LfJ_AgAAQBAJ,"Kidnapped! - An Amity Kids Adventure","kids adventure picture book",unknown,"Juvenile Fiction",63,false,false,,,,,,,"Kidnapped! is an Amity Kids adventure, co-authored by acclaimed Australian writers Ken Spillman and Jon Doust, with illustrations by popular children's book illustrator James Foley"
Test B,2uVizQEACAAJ,"Solar System Amazing Space Adventure","kids adventure picture book",unknown,"",,false,false,,,,,,,"Buy Solar System Amazing Space Adventure to launch into a tail-wagging journey today"
Test B,XMobBQAAQBAJ,"Adventures of My Dentist and the Tooth Fairy","kids adventure picture book",nonfiction,"Juvenile Nonfiction",345,false,false,,,,,,,"Adventures of My Dentist and the Tooth Fairy Activity and Coloring Book is the second book in the Hood Activity and Coloring Book Series. It will give your child many hours of enjo"
Test B,wdezzgEACAAJ,"Atom and the Universe","kids adventure picture book",novel,"",24,true,false,k2_collection_or_bundle_generic_bundle,kids,picture_book,accepted_k2_independent_audience_and_format,k2_collection_or_bundle_generic_bundle,generic_bundle,"Ignite a lifelong passion for astronomy by joining Atom's fun and science-packed adventure beyond the stars! ""Every light you see was made from a light that came before it,"" the Un"
Test B,Yzv8DwAAQBAJ,"Solar System Amazing Space Adventure","kids adventure picture book",novel,"Juvenile Fiction",0,true,false,k2_unknown_or_non_k2_audience_without_credible_k2_evidence,adult,juvenile_narrative,rejected_k2_independent_audience_or_format,k2_unknown_or_non_k2_audience_without_credible_k2_evidence,,"This dog’s about to blast off. Will his trip be out-of-this-world? Arthur can’t wait to make his first flight into outer space. Jumping for joy, he’s rocketing off on a mission to "
Test B,HRmGDwAAQBAJ,"Children's Literature and Imaginative Geography","kids adventure picture book",critical_study,"Literary Criticism",483,false,false,,,,,,,"Where do children travel when they read a story? In this collection, scholars and authors explore the imaginative geography of a wide range of places, from those of Indigenous myth"
Test B,NR3vswEACAAJ,"The Adventures of Billy and Bob","kids adventure picture book",unknown,"",32,false,false,,,,,,,"The Adventures of Billy and Bob Thank you for your interest One day in the park, Billy makes an unlikely friend: a giant blue monster named Bob. While meeting a monster is always a"
Test B,dk4G-52QT-8C,"The Encyclopedia of Christian Literature","kids adventure picture book",reference,"Religion",734,false,false,,,,,,,"The written word is one of the defining elements of Christian experience. As vigorous in the 1st century as it is in the 21st, Christian literature has had a significant function i"
Test B,ZmBuEAAAQBAJ,"The Transformative Potential of LGBTQ+ Children’s Picture Books","kids adventure picture book",critical_study,"Literary Criticism",194,false,false,,,,,,,"2023 CHOICE Outstanding Academic Title In The Transformative Potential of LGBTQ+ Children’s Picture Books, Jennifer Miller identifies an archive of over 150 English-language childr"
Test B,OBxg-PKmBsoC,"Children's Writer's and Illustrator's Market '97","kids adventure picture book",reference,"Language Arts & Disciplines",380,false,false,,,,,,,"An annually published directory containing over 800 listings of publishers for authors and illustrators of children's books."
Test B,01n6DwAAQBAJ,"Field Trip to the Moon","kids adventure picture book",novel,"Juvenile Fiction",42,true,true,entered_scoring,kids,picture_book,accepted_k2_independent_audience_and_format,,ambiguous,"It's field trip day, and students are excited to travel on their yellow spaceship bus from their space station to the moon in this wordless picture book. An ALA Notable Children's "
Test B,EiC-uKvd-GgC,"2004 Children's Writer's and Illustrator's Market","kids adventure picture book",miscellany,"Design",404,false,false,,,,,,,"""This is the most comprehensive, current, and helpful guide to the children'spublishing industry that I've seen.""--Steven Malk, Agent, Writer's House."
Test B,bTExjgEACAAJ,"Adventures of a Kid Magician","kids magic adventure",novel,"Juvenile Fiction",0,true,true,entered_scoring,kids,juvenile_narrative,accepted_k2_independent_audience_and_format,,ambiguous,"Adventures of a Kid Magician is Zach's private journal, detailing how magic gets Zach both into and out of trouble as he learns life lessons! Along with Zach's thrilling stories an"
Test B,VLMO0AEACAAJ,"Magic Book Children's picture book Magic/Fantasy/Adventure","kids magic adventure",novel,"",0,true,false,k2_unknown_or_non_k2_audience_without_credible_k2_evidence,unknown,picture_book,rejected_k2_independent_audience_or_format,k2_unknown_or_non_k2_audience_without_credible_k2_evidence,,"""BOOK WITH TEXT IN ENGLISH WRITTEN IN ITALY"" ""Join Oliver, a resourceful young adventurer, and his friends as they embark on an incredible adventure in the Kingdom of Wonders. Toge"
Test B,k08oDwAAQBAJ,"The Children's Magical Adventures","kids magic adventure",novel,"Fiction",63,true,false,k2_unknown_or_non_k2_audience_without_credible_k2_evidence,unknown,juvenile_narrative,rejected_k2_independent_audience_or_format,k2_unknown_or_non_k2_audience_without_credible_k2_evidence,,"During the first world war Kenneth Ingle moved his family of mother Gloria, children Asa, Jade and Kaya into the English countryside, but after he becomes a prisoner of the enemy h"
Test B,QWdODwAAQBAJ,"Peter Pan & Other Magical Adventures For Children - 10 Classic Fantasy Books in One Volume (Illustrated Edition)","kids magic adventure",novel,"Juvenile Fiction",1243,true,false,k2_missing_child_readable_narrative_or_format_identity,kids,unknown,rejected_k2_independent_audience_or_format,k2_missing_child_readable_narrative_or_format_identity,,"Musaicum Books presents to you this carefully created volume of ""Peter Pan & Other Magical Adventures For Children - 10 Classic Fantasy Books in One Volume (Illustrated Edition)"". "
Test B,8y_dEAAAQBAJ,"Barbie's Magical Adventure in Dreamland","kids magic adventure",novel,"Fiction",61,true,false,k2_unknown_or_non_k2_audience_without_credible_k2_evidence,unknown,juvenile_narrative,rejected_k2_independent_audience_or_format,k2_unknown_or_non_k2_audience_without_credible_k2_evidence,,"Reading ""Barbie's Magical Adventure in Dreamland"" takes people to magical worlds of thought and wonder. The story is about Barbie, a young girl with beautiful golden hair and brigh"
Test B,YSbXDwAAQBAJ,"MERRIMEG - Seven Magical Adventures for Children","kids magic adventure",unknown,"Fiction",121,false,false,,,,,,,"Once upon a time there was a little girl whose name was Merrimeg. Sometimes she was good, and sometimes she was, well, not so good. Whatever the situation she found herself in, or "
Test B,FTJc0AEACAAJ,"Magical Adventures","kids magic adventure",unknown,"",0,false,false,,,,,,,"Welcome to the Magical World of ""Magical Adventures""!"
Test B,9_LZzwEACAAJ,"Magical Adventures. A Collection of Enchanting Stories for Children.","kids magic adventure",story_collection,"",0,true,false,k2_unknown_or_non_k2_audience_without_credible_k2_evidence,unknown,juvenile_narrative,rejected_k2_independent_audience_or_format,k2_unknown_or_non_k2_audience_without_credible_k2_evidence,,"Magical Adventure is a collection of enchanting stories for children.Sonia Jones, Magical Adventures for Children is a beautifully crafted fantasy storybook that will take the year"
Test B,hIYdzgEACAAJ,"Magical Madness","kids magic adventure",novel,"",217,true,false,k2_unknown_or_non_k2_audience_without_credible_k2_evidence,unknown,juvenile_narrative,rejected_k2_independent_audience_or_format,k2_unknown_or_non_k2_audience_without_credible_k2_evidence,,"Magic. Mayhem. And Nerf crossbows. Welcome to Magical Madness. If you like wizards, dragons, knights and magical adventures, you'll love this ...Thomas Tinkler is ten years old. He"
Test B,q3AgLvuufnQC,"The wonder children, their quests and curious adventures","kids magic adventure",public_domain_compilation,"",362,false,false,,,,,,,"... <b>Magic</b> Mir- ror as a stupid donkey hardly any taller than a Shetland pony . The effort exhausted the <b>child&#39;s</b> strength and she sank back and closed her eyes aga"
Test B,3JAEDgAAQBAJ,"The Greatest Children's Books - E. Nesbit Collection: Fantastical Adventures, Tales of Magical Creatures & Journeys into Enchanting Worlds (Illustrated)","kids magic adventure",story_collection,"Fiction",3134,true,false,googlebooks_mature_content_not_allowed_for_kids,unknown,juvenile_narrative,rejected_k2_independent_audience_or_format,googlebooks_mature_content_not_allowed_for_kids,,"This carefully crafted ebook: “The Greatest Children's Books - E. Nesbit Collection: Fantastical Adventures, Tales of Magical Creatures & Journeys into Enchanting Worlds (Illustrat"
Test B,6nk-a7s6vZ4C,"Bowker's Directory of Videocassettes for Children 1999","kids magic adventure",reference,"Performing Arts",1326,false,false,,,,,,,"... <b>Magic Adventures</b> of Mumfie : The Movie . ( 1996 ) . <b>Children</b> . Animated . Color . 70 min . CC Juvenile . From the people who brought you the award- winning &quot;"
Test B,AZWAzQEACAAJ,"Magic","kids magic adventure",unknown,"",40,false,false,,,,,,,"MAGIC: ADVENTURE COLORING: A Magic Coloring Book For Kids *A fun & educational collection of MAGIC coloring patterns for kids *Great for keeping kids occupied at home during social"
Test B,graiX5o4tMYC,"Children's Books and Their Creators","kids magic adventure",critical_study,"Literary Criticism",860,false,false,,,,,,,"Unique in its coverage of contemporary American children's literature, this timely, single-volume reference covers the books our children are--or should be--reading now, from board"
Test B,TKQQ0AEACAAJ,"Kids Magical Stories","kids magic adventure",story_collection,"",0,true,false,k2_unknown_or_non_k2_audience_without_credible_k2_evidence,unknown,juvenile_narrative,rejected_k2_independent_audience_or_format,k2_unknown_or_non_k2_audience_without_credible_k2_evidence,,"""Kids Magical Stories"" is a wonderful book filled with amazing adventures for children to enjoy. Inside this book, you will find magical tales where extraordinary things happen, an"
Test B,rD6v0AEACAAJ,"The Mystery of the Whispering Woods","kids magic adventure",novel,"Juvenile Fiction",0,true,true,entered_scoring,kids,juvenile_narrative,accepted_k2_independent_audience_and_format,,ambiguous,"Dive into Adventure with ""The Mystery of the Whispering Woods"" - Book 1 in The Legends of Lunaria Series Unlock the secrets of the Whispering Woods in this thrilling first installm"
Test B,uE-5zwEACAAJ,"The Magical Adventures","kids magic adventure",unknown,"",0,false,false,,,,,,,"The Magical Adventures is a whimsical storybook that takes young readers on a thrilling journey to a world of wonder and magic. Siblings Luna and Leo discover a mysterious book tha"
Test B,0anNAAAAMAAJ,"A Catalog of ... of the Best Books for Children","kids magic adventure",reference,"Best books",208,false,false,,,,,,,"... <b>children</b> who become part of a fairy tale . JIM AT THE CORNER ( 3-5 ) ... <b>magic</b> travels of two <b>children</b> through the Woods Between the World and their ... <b"
Test B,oLXQzQEACAAJ,"Waverly the Witch","kids magic adventure",novel,"",,true,false,k2_unknown_or_non_k2_audience_without_credible_k2_evidence,unknown,juvenile_narrative,rejected_k2_independent_audience_or_format,k2_unknown_or_non_k2_audience_without_credible_k2_evidence,,"When Waverly's family moves to a new town, she feels nervous about starting at a new school-but it's soon clear that this school is unlike any other. With the help of her wizard fr"
Test B,Mzo4AQAAMAAJ,"Alice's Adventures in Wonderland","kids magic adventure",unknown,"Adventure and adventurers",344,false,false,,,,,,,"... <b>children</b> who had shared his personal friendship , and the thou- sands of other <b>children</b> who had known him only in his books , never forgot the <b>magic</b> charm "
Test B,5kHNsgEACAAJ,"Grumpy Dragons Trilogy","kids dragon adventure early reader",unknown,"",78,false,false,,,,,,,"Sometimes even dragons get grumpy. In this illustrated trilogy, young dragons learn about fear, frustration and impatience. Includes Bonus Coloring Pages."
Test B,dovq0QEACAAJ,"Zane Andree and the Dragon Machine","kids dragon adventure early reader",novel,"Juvenile Fiction",0,true,true,entered_scoring,kids,early_reader,accepted_k2_independent_audience_and_format,,ambiguous,"Zane Andree and the Dragon Machine A Magical Dragon Adventure for Kids What happens when a tiny baby dragon meets a mischievous villain and a mysterious machine? Join Zane Andree, "
Test B,cF1ACwAAQBAJ,"The Early Reader in Children’s Literature and Culture","kids dragon adventure early reader",academic_text,"Literary Criticism",256,false,false,,,,,,,"This is the first volume to consider the popular literary category of Early Readers – books written and designed for children who are just beginning to read independently. It argue"
Test B,wEzq0QEACAAJ,"The Great Magic LEM Three Friends and Their Journey","kids dragon adventure early reader",unknown,"Juvenile Fiction",0,false,false,,,,,,,"An unforgettable dragon adventure filled with courage, friendship, and magic, perfect for kids ages 6-12. Step into a magical world where a brave boy, a clever girl, and a goodhear"
Test B,SOOqEQAAQBAJ,"The Sleepy Little Dragon","kids dragon adventure early reader",unknown,"Antiques & Collectibles",35,false,false,,,,,,,"Join Cedric, the little dragon who just can’t seem to stay awake! From morning playtime to bedtime stories, Cedric discovers that even the tiniest dragons need rest, friendship, an"
Test B,CWEuAQAAIAAJ,"A Parent's Guide to Children's Reading","kids dragon adventure early reader",critical_study,"Children",202,false,false,,,,,,,"Mary Graham Bonner. Sally Simms <b>Adventures</b> It ; The <b>Dragon&#39;s</b> Se- cret ; Three Sides of Paradise Green , by Au- GUSTA HUIELL SEAMAN . - Mrs. Seaman&#39;s stories f"
Test B,UoYS0QEACAAJ,"Sparky Dragon Tales","kids dragon adventure early reader",novel,"Juvenile Fiction",0,true,true,entered_scoring,kids,juvenile_narrative,accepted_k2_independent_audience_and_format,,ambiguous,"Discover the Magic of Perseverance with Sparky! Join Sparky, the little dragon with big dreams, in his first exhilarating adventure from ""Sparky's Dragon Tales"" series. In ""First F"
Test B,xJv2tgEACAAJ,"Dragon Book for Kids","kids dragon adventure early reader",story_collection,"Juvenile Fiction",30,true,true,entered_scoring,kids,juvenile_narrative,accepted_k2_independent_audience_and_format,,ambiguous,"Dragons and humans... can they live together? An epic tale/tail of dragons and humans that can't seem to get along, but this time, it's all from the dragon's perspective. It's a re"
Test B,2BGxLDlrhp0C,"The Complete Sourcebook on Children's Software","kids dragon adventure early reader",nonfiction,"Education",612,false,false,,,,,,,"5000 critical reviews of CDs, videogames & smart toys for ages 1 to 16."
Test B,XiCn0QEACAAJ,"The Great Magic Ena","kids dragon adventure early reader",novel,"",0,true,false,k2_unknown_or_non_k2_audience_without_credible_k2_evidence,unknown,juvenile_narrative,rejected_k2_independent_audience_or_format,k2_unknown_or_non_k2_audience_without_credible_k2_evidence,,"Two unusual friends, a dragon named Solomat and a boy named Gruia, were exploring a beautiful valley in Ler when they rescued Ena from a trap. Like Gruia, Ena loved nature and drea"
Test B,ZikpxHoPxFIC,"The New York Times Book Review","kids dragon adventure early reader",periodical,"Books",764,false,false,,,,,,,"... <b>child</b> ( or any other <b>child</b> you love ) on the most excit- ing and rewarding <b>adventure</b> of his life • by mailing the coupon today . Parents &#39; Magazine&#39"
Test B,37kRAQAAMAAJ,"The New York Times Parent's Guide to the Best Books for Children","kids dragon adventure early reader",nonfiction,"Education",464,false,false,,,,,,,"A selective guide to nearly 1,000 best books for children of all ages. Includes indexes."
Test B,AsAQEAAAQBAJ,"Savage Dragon #256","kids dragon adventure early reader",novel,"Comics & Graphic Novels",32,true,false,googlebooks_mature_content_not_allowed_for_kids,unknown,unknown,rejected_k2_independent_audience_or_format,googlebooks_mature_content_not_allowed_for_kids,,"""WAKE THE DEAD"" Bellco Chemicals has been working in secret to raise the dead. But things don't always go as planned, as their most successful test subject breaks free from his con"
Test B,SvkBCwAAQBAJ,"Savage Dragon #146","kids dragon adventure early reader",unknown,"Comics & Graphic Novels",32,false,false,,,,,,,"The Dragon is out to shut down Chicago's notorious criminal organization the Vicious Circle and that means breaking up speakeasies, bookie joints, gambling houses, fight clubs, nig"
Test B,XwACCwAAQBAJ,"Savage Dragon #179","kids dragon adventure early reader",unknown,"Comics & Graphic Novels",32,false,false,,,,,,,"""INVASION!"" Earth is overrun! Murderous aliens hellbent on earth's destruction walk the planet and Malcolm and Angel Dragon are powerless to stop them! Meanwhile, across the univer"
Test B,5gYIAQAAMAAJ,"Children's Software & New Media Revue","kids dragon adventure early reader",unknown,"Children's software",146,false,false,,,,,,,"... <b>Reader</b> Rabbit Toddler Deluxe , Riverdeep / The Learning Company , 800-716-8506 , $ 29.95 , ages 18 mos . - 3 yrs . , Win ; Mac MATH AND LOGIC Curious George Downtown <b>"
Test B,WoYjAQAAIAAJ,"Children's Writer's and Illustrator's Market, 1989","kids dragon adventure early reader",miscellany,"Language Arts & Disciplines",194,false,false,,,,,,,"Combines two key aspects of children's publishing--writing and illustrating--in a single volume of book-publishing and magazine markets and offers advice from professionals on the "
Test B,GZHTDgAAQBAJ,"Savage Dragon #224","kids dragon adventure early reader",unknown,"Comics & Graphic Novels",32,false,false,,,,,,,"""THE MERGING OF MULTIPLE EARTHS,"" Part Two Mr. Glum's devious plot to merge the multi-verse unfolds in its demented glory. Savage Dragon joins his son Malcolm Dragon in an effort t"
Test B,UYc5QTa3Rp0C,"Bulletin","kids dragon adventure early reader",public_domain_compilation,"Libraries",256,false,false,,,,,,,"... <b>reader</b> . Gowar , Edward . <b>Adventures</b> in Mother Goose land . Jackson , L. F. Hinky Pinky . John Martin&#39;s big book for little folk , no . 3 . Johnson , Clifton "
Test B,9XUVAAAAIAAJ,"New Books for Boys & Girls","kids dragon adventure early reader",unknown,"Children's literature",590,false,false,,,,,,,"... <b>children</b> return tamely to school while Captain Skip and Sinbad sail into the wide blue yonder - and doubtless into a new <b>adventure</b> ... <b>early reader</b> text.-J"
Test C,Xe7zwgEACAAJ,"The Adventures of Kumuka James: Bedtime Story Fiction Children's Picture Book(kids Books Boys) (Best Books for 6 Year Olds), (Reading Books for Kids 6","kids adventure picture book",unknown,"Juvenile Fiction",36,false,false,,,,,,,"The Adventures of Kumuka James will quickly become a favorite at storytime, bedtime, or any other time. Kumuka James is a new fun children's adventure picture book with beautiful c"
Test C,L3d30QEACAAJ,"Pippin's Forest Adventure","kids adventure picture book",novel,"Juvenile Fiction",0,true,false,k2_collection_or_bundle_generic_bundle,kids,picture_book,accepted_k2_independent_audience_and_format,k2_collection_or_bundle_generic_bundle,generic_bundle,"A curious city pigeon. A forest full of surprises. A heartwarming picture book about friendship, courage, and the wonder of nature. When Pippin the pigeon leaves behind her busy ci"
Test C,Vsc8DwAAQBAJ,"The Long Island","kids adventure picture book",novel,"Juvenile Fiction",65,true,true,entered_scoring,kids,picture_book,accepted_k2_independent_audience_and_format,,ambiguous,"Some of us like the comfort of familiarity—staying close to the home we've always known, making a life, building a community. For some, the intimacy of the old routine is satisfact"
Test C,mWZpBgAAQBAJ,"Get Started in Writing an Illustrated Children's Book","kids adventure picture book",writing_guide,"Language Arts & Disciplines",196,false,false,,,,,,,"Do you have an irresistible idea for a children's book with pictures? Are you inspired by writers like Julia Donaldson and Lauren Child? Get Started in Writing and Illustrating A C"
Test C,R3u0oAEACAAJ,"Under the Sea Adventure","kids adventure picture book",novel,"",36,true,true,entered_scoring,kids,picture_book,accepted_k2_independent_audience_and_format,,ambiguous,"""This is a great book to teach children about marine life and sea animals.!"" When you were young did you get swept away with tales of adventure about sea creatures? With this book "
Test C,VJBNCgAAQBAJ,"The Mystery Box","kids adventure picture book",novel,"Juvenile Fiction",17,true,true,entered_scoring,kids,picture_book,accepted_k2_independent_audience_and_format,,ambiguous,"Age: From 4 years old Do you dream of becoming an adventurer? Discover Jack and Maddie’s fantastic journeys! This morning, Jack and Maddie have decided to spend a simple day fishin"
Test C,q-K1CgAAQBAJ,"Finding Wild","kids adventure picture book",novel,"Juvenile Fiction",17,true,true,entered_scoring,kids,picture_book,accepted_k2_independent_audience_and_format,,ambiguous,"A lovely, lyrical picture book with gorgeous illustrations that explores the ways the wild makes itself known to us and how much closer it is than we think. There are so many place"
Test C,uPjtEAAAQBAJ,"The Little Explorer: A Wholesome Adventure Picture Book for Kids","kids adventure picture book",novel,"Juvenile Fiction",29,true,false,k2_collection_or_bundle_generic_bundle,kids,picture_book,accepted_k2_independent_audience_and_format,k2_collection_or_bundle_generic_bundle,generic_bundle,"Are you ready to foster a love for curiosity and discovery in your child? Dive into the enchanting world of 'The Little Explorer,' where every page is a journey filled with hidden "
Test C,LfJ_AgAAQBAJ,"Kidnapped! - An Amity Kids Adventure","kids adventure picture book",unknown,"Juvenile Fiction",63,false,false,,,,,,,"Kidnapped! is an Amity Kids adventure, co-authored by acclaimed Australian writers Ken Spillman and Jon Doust, with illustrations by popular children's book illustrator James Foley"
Test C,2uVizQEACAAJ,"Solar System Amazing Space Adventure","kids adventure picture book",unknown,"",,false,false,,,,,,,"Buy Solar System Amazing Space Adventure to launch into a tail-wagging journey today"
Test C,XMobBQAAQBAJ,"Adventures of My Dentist and the Tooth Fairy","kids adventure picture book",nonfiction,"Juvenile Nonfiction",345,false,false,,,,,,,"Adventures of My Dentist and the Tooth Fairy Activity and Coloring Book is the second book in the Hood Activity and Coloring Book Series. It will give your child many hours of enjo"
Test C,wdezzgEACAAJ,"Atom and the Universe","kids adventure picture book",novel,"",24,true,false,k2_collection_or_bundle_generic_bundle,kids,picture_book,accepted_k2_independent_audience_and_format,k2_collection_or_bundle_generic_bundle,generic_bundle,"Ignite a lifelong passion for astronomy by joining Atom's fun and science-packed adventure beyond the stars! ""Every light you see was made from a light that came before it,"" the Un"
Test C,Yzv8DwAAQBAJ,"Solar System Amazing Space Adventure","kids adventure picture book",novel,"Juvenile Fiction",0,true,false,k2_unknown_or_non_k2_audience_without_credible_k2_evidence,adult,juvenile_narrative,rejected_k2_independent_audience_or_format,k2_unknown_or_non_k2_audience_without_credible_k2_evidence,,"This dog’s about to blast off. Will his trip be out-of-this-world? Arthur can’t wait to make his first flight into outer space. Jumping for joy, he’s rocketing off on a mission to "
Test C,HRmGDwAAQBAJ,"Children's Literature and Imaginative Geography","kids adventure picture book",critical_study,"Literary Criticism",483,false,false,,,,,,,"Where do children travel when they read a story? In this collection, scholars and authors explore the imaginative geography of a wide range of places, from those of Indigenous myth"
Test C,NR3vswEACAAJ,"The Adventures of Billy and Bob","kids adventure picture book",unknown,"",32,false,false,,,,,,,"The Adventures of Billy and Bob Thank you for your interest One day in the park, Billy makes an unlikely friend: a giant blue monster named Bob. While meeting a monster is always a"
Test C,dk4G-52QT-8C,"The Encyclopedia of Christian Literature","kids adventure picture book",reference,"Religion",734,false,false,,,,,,,"The written word is one of the defining elements of Christian experience. As vigorous in the 1st century as it is in the 21st, Christian literature has had a significant function i"
Test C,ZmBuEAAAQBAJ,"The Transformative Potential of LGBTQ+ Children’s Picture Books","kids adventure picture book",critical_study,"Literary Criticism",194,false,false,,,,,,,"2023 CHOICE Outstanding Academic Title In The Transformative Potential of LGBTQ+ Children’s Picture Books, Jennifer Miller identifies an archive of over 150 English-language childr"
Test C,OBxg-PKmBsoC,"Children's Writer's and Illustrator's Market '97","kids adventure picture book",reference,"Language Arts & Disciplines",380,false,false,,,,,,,"An annually published directory containing over 800 listings of publishers for authors and illustrators of children's books."
Test C,01n6DwAAQBAJ,"Field Trip to the Moon","kids adventure picture book",novel,"Juvenile Fiction",42,true,true,entered_scoring,kids,picture_book,accepted_k2_independent_audience_and_format,,ambiguous,"It's field trip day, and students are excited to travel on their yellow spaceship bus from their space station to the moon in this wordless picture book. An ALA Notable Children's "
Test C,EiC-uKvd-GgC,"2004 Children's Writer's and Illustrator's Market","kids adventure picture book",miscellany,"Design",404,false,false,,,,,,,"""This is the most comprehensive, current, and helpful guide to the children'spublishing industry that I've seen.""--Steven Malk, Agent, Writer's House."
Test C,bTExjgEACAAJ,"Adventures of a Kid Magician","kids magic adventure",novel,"Juvenile Fiction",0,true,true,entered_scoring,kids,juvenile_narrative,accepted_k2_independent_audience_and_format,,ambiguous,"Adventures of a Kid Magician is Zach's private journal, detailing how magic gets Zach both into and out of trouble as he learns life lessons! Along with Zach's thrilling stories an"
Test C,VLMO0AEACAAJ,"Magic Book Children's picture book Magic/Fantasy/Adventure","kids magic adventure",novel,"",0,true,false,k2_unknown_or_non_k2_audience_without_credible_k2_evidence,unknown,picture_book,rejected_k2_independent_audience_or_format,k2_unknown_or_non_k2_audience_without_credible_k2_evidence,,"""BOOK WITH TEXT IN ENGLISH WRITTEN IN ITALY"" ""Join Oliver, a resourceful young adventurer, and his friends as they embark on an incredible adventure in the Kingdom of Wonders. Toge"
Test C,k08oDwAAQBAJ,"The Children's Magical Adventures","kids magic adventure",novel,"Fiction",63,true,false,k2_unknown_or_non_k2_audience_without_credible_k2_evidence,unknown,juvenile_narrative,rejected_k2_independent_audience_or_format,k2_unknown_or_non_k2_audience_without_credible_k2_evidence,,"During the first world war Kenneth Ingle moved his family of mother Gloria, children Asa, Jade and Kaya into the English countryside, but after he becomes a prisoner of the enemy h"
Test C,QWdODwAAQBAJ,"Peter Pan & Other Magical Adventures For Children - 10 Classic Fantasy Books in One Volume (Illustrated Edition)","kids magic adventure",novel,"Juvenile Fiction",1243,true,false,k2_missing_child_readable_narrative_or_format_identity,kids,unknown,rejected_k2_independent_audience_or_format,k2_missing_child_readable_narrative_or_format_identity,,"Musaicum Books presents to you this carefully created volume of ""Peter Pan & Other Magical Adventures For Children - 10 Classic Fantasy Books in One Volume (Illustrated Edition)"". "
Test C,8y_dEAAAQBAJ,"Barbie's Magical Adventure in Dreamland","kids magic adventure",novel,"Fiction",61,true,false,k2_unknown_or_non_k2_audience_without_credible_k2_evidence,unknown,juvenile_narrative,rejected_k2_independent_audience_or_format,k2_unknown_or_non_k2_audience_without_credible_k2_evidence,,"Reading ""Barbie's Magical Adventure in Dreamland"" takes people to magical worlds of thought and wonder. The story is about Barbie, a young girl with beautiful golden hair and brigh"
Test C,YSbXDwAAQBAJ,"MERRIMEG - Seven Magical Adventures for Children","kids magic adventure",unknown,"Fiction",121,false,false,,,,,,,"Once upon a time there was a little girl whose name was Merrimeg. Sometimes she was good, and sometimes she was, well, not so good. Whatever the situation she found herself in, or "
Test C,FTJc0AEACAAJ,"Magical Adventures","kids magic adventure",unknown,"",0,false,false,,,,,,,"Welcome to the Magical World of ""Magical Adventures""!"
Test C,9_LZzwEACAAJ,"Magical Adventures. A Collection of Enchanting Stories for Children.","kids magic adventure",story_collection,"",0,true,false,k2_unknown_or_non_k2_audience_without_credible_k2_evidence,unknown,juvenile_narrative,rejected_k2_independent_audience_or_format,k2_unknown_or_non_k2_audience_without_credible_k2_evidence,,"Magical Adventure is a collection of enchanting stories for children.Sonia Jones, Magical Adventures for Children is a beautifully crafted fantasy storybook that will take the year"
Test C,hIYdzgEACAAJ,"Magical Madness","kids magic adventure",novel,"",217,true,false,k2_unknown_or_non_k2_audience_without_credible_k2_evidence,unknown,juvenile_narrative,rejected_k2_independent_audience_or_format,k2_unknown_or_non_k2_audience_without_credible_k2_evidence,,"Magic. Mayhem. And Nerf crossbows. Welcome to Magical Madness. If you like wizards, dragons, knights and magical adventures, you'll love this ...Thomas Tinkler is ten years old. He"
Test C,q3AgLvuufnQC,"The wonder children, their quests and curious adventures","kids magic adventure",public_domain_compilation,"",362,false,false,,,,,,,"... <b>Magic</b> Mir- ror as a stupid donkey hardly any taller than a Shetland pony . The effort exhausted the <b>child&#39;s</b> strength and she sank back and closed her eyes aga"
Test C,3JAEDgAAQBAJ,"The Greatest Children's Books - E. Nesbit Collection: Fantastical Adventures, Tales of Magical Creatures & Journeys into Enchanting Worlds (Illustrated)","kids magic adventure",story_collection,"Fiction",3134,true,false,googlebooks_mature_content_not_allowed_for_kids,unknown,juvenile_narrative,rejected_k2_independent_audience_or_format,googlebooks_mature_content_not_allowed_for_kids,,"This carefully crafted ebook: “The Greatest Children's Books - E. Nesbit Collection: Fantastical Adventures, Tales of Magical Creatures & Journeys into Enchanting Worlds (Illustrat"
Test C,6nk-a7s6vZ4C,"Bowker's Directory of Videocassettes for Children 1999","kids magic adventure",reference,"Performing Arts",1326,false,false,,,,,,,"... <b>Magic Adventures</b> of Mumfie : The Movie . ( 1996 ) . <b>Children</b> . Animated . Color . 70 min . CC Juvenile . From the people who brought you the award- winning &quot;"
Test C,AZWAzQEACAAJ,"Magic","kids magic adventure",unknown,"",40,false,false,,,,,,,"MAGIC: ADVENTURE COLORING: A Magic Coloring Book For Kids *A fun & educational collection of MAGIC coloring patterns for kids *Great for keeping kids occupied at home during social"
Test C,graiX5o4tMYC,"Children's Books and Their Creators","kids magic adventure",critical_study,"Literary Criticism",860,false,false,,,,,,,"Unique in its coverage of contemporary American children's literature, this timely, single-volume reference covers the books our children are--or should be--reading now, from board"
Test C,TKQQ0AEACAAJ,"Kids Magical Stories","kids magic adventure",story_collection,"",0,true,false,k2_unknown_or_non_k2_audience_without_credible_k2_evidence,unknown,juvenile_narrative,rejected_k2_independent_audience_or_format,k2_unknown_or_non_k2_audience_without_credible_k2_evidence,,"""Kids Magical Stories"" is a wonderful book filled with amazing adventures for children to enjoy. Inside this book, you will find magical tales where extraordinary things happen, an"
Test C,rD6v0AEACAAJ,"The Mystery of the Whispering Woods","kids magic adventure",novel,"Juvenile Fiction",0,true,true,entered_scoring,kids,juvenile_narrative,accepted_k2_independent_audience_and_format,,ambiguous,"Dive into Adventure with ""The Mystery of the Whispering Woods"" - Book 1 in The Legends of Lunaria Series Unlock the secrets of the Whispering Woods in this thrilling first installm"
Test C,uE-5zwEACAAJ,"The Magical Adventures","kids magic adventure",unknown,"",0,false,false,,,,,,,"The Magical Adventures is a whimsical storybook that takes young readers on a thrilling journey to a world of wonder and magic. Siblings Luna and Leo discover a mysterious book tha"
Test C,0anNAAAAMAAJ,"A Catalog of ... of the Best Books for Children","kids magic adventure",reference,"Best books",208,false,false,,,,,,,"... <b>children</b> who become part of a fairy tale . JIM AT THE CORNER ( 3-5 ) ... <b>magic</b> travels of two <b>children</b> through the Woods Between the World and their ... <b"
Test C,oLXQzQEACAAJ,"Waverly the Witch","kids magic adventure",novel,"",,true,false,k2_unknown_or_non_k2_audience_without_credible_k2_evidence,unknown,juvenile_narrative,rejected_k2_independent_audience_or_format,k2_unknown_or_non_k2_audience_without_credible_k2_evidence,,"When Waverly's family moves to a new town, she feels nervous about starting at a new school-but it's soon clear that this school is unlike any other. With the help of her wizard fr"
Test C,Mzo4AQAAMAAJ,"Alice's Adventures in Wonderland","kids magic adventure",unknown,"Adventure and adventurers",344,false,false,,,,,,,"... <b>children</b> who had shared his personal friendship , and the thou- sands of other <b>children</b> who had known him only in his books , never forgot the <b>magic</b> charm "
Test C,5kHNsgEACAAJ,"Grumpy Dragons Trilogy","kids dragon adventure early reader",unknown,"",78,false,false,,,,,,,"Sometimes even dragons get grumpy. In this illustrated trilogy, young dragons learn about fear, frustration and impatience. Includes Bonus Coloring Pages."
Test C,dovq0QEACAAJ,"Zane Andree and the Dragon Machine","kids dragon adventure early reader",novel,"Juvenile Fiction",0,true,true,entered_scoring,kids,early_reader,accepted_k2_independent_audience_and_format,,ambiguous,"Zane Andree and the Dragon Machine A Magical Dragon Adventure for Kids What happens when a tiny baby dragon meets a mischievous villain and a mysterious machine? Join Zane Andree, "
Test C,cF1ACwAAQBAJ,"The Early Reader in Children’s Literature and Culture","kids dragon adventure early reader",academic_text,"Literary Criticism",256,false,false,,,,,,,"This is the first volume to consider the popular literary category of Early Readers – books written and designed for children who are just beginning to read independently. It argue"
Test C,wEzq0QEACAAJ,"The Great Magic LEM Three Friends and Their Journey","kids dragon adventure early reader",unknown,"Juvenile Fiction",0,false,false,,,,,,,"An unforgettable dragon adventure filled with courage, friendship, and magic, perfect for kids ages 6-12. Step into a magical world where a brave boy, a clever girl, and a goodhear"
Test C,SOOqEQAAQBAJ,"The Sleepy Little Dragon","kids dragon adventure early reader",unknown,"Antiques & Collectibles",35,false,false,,,,,,,"Join Cedric, the little dragon who just can’t seem to stay awake! From morning playtime to bedtime stories, Cedric discovers that even the tiniest dragons need rest, friendship, an"
Test C,CWEuAQAAIAAJ,"A Parent's Guide to Children's Reading","kids dragon adventure early reader",critical_study,"Children",202,false,false,,,,,,,"Mary Graham Bonner. Sally Simms <b>Adventures</b> It ; The <b>Dragon&#39;s</b> Se- cret ; Three Sides of Paradise Green , by Au- GUSTA HUIELL SEAMAN . - Mrs. Seaman&#39;s stories f"
Test C,UoYS0QEACAAJ,"Sparky Dragon Tales","kids dragon adventure early reader",novel,"Juvenile Fiction",0,true,true,entered_scoring,kids,juvenile_narrative,accepted_k2_independent_audience_and_format,,ambiguous,"Discover the Magic of Perseverance with Sparky! Join Sparky, the little dragon with big dreams, in his first exhilarating adventure from ""Sparky's Dragon Tales"" series. In ""First F"
Test C,xJv2tgEACAAJ,"Dragon Book for Kids","kids dragon adventure early reader",story_collection,"Juvenile Fiction",30,true,true,entered_scoring,kids,juvenile_narrative,accepted_k2_independent_audience_and_format,,ambiguous,"Dragons and humans... can they live together? An epic tale/tail of dragons and humans that can't seem to get along, but this time, it's all from the dragon's perspective. It's a re"
Test C,2BGxLDlrhp0C,"The Complete Sourcebook on Children's Software","kids dragon adventure early reader",nonfiction,"Education",612,false,false,,,,,,,"5000 critical reviews of CDs, videogames & smart toys for ages 1 to 16."
Test C,XiCn0QEACAAJ,"The Great Magic Ena","kids dragon adventure early reader",novel,"",0,true,false,k2_unknown_or_non_k2_audience_without_credible_k2_evidence,unknown,juvenile_narrative,rejected_k2_independent_audience_or_format,k2_unknown_or_non_k2_audience_without_credible_k2_evidence,,"Two unusual friends, a dragon named Solomat and a boy named Gruia, were exploring a beautiful valley in Ler when they rescued Ena from a trap. Like Gruia, Ena loved nature and drea"
Test C,ZikpxHoPxFIC,"The New York Times Book Review","kids dragon adventure early reader",periodical,"Books",764,false,false,,,,,,,"... <b>child</b> ( or any other <b>child</b> you love ) on the most excit- ing and rewarding <b>adventure</b> of his life • by mailing the coupon today . Parents &#39; Magazine&#39"
Test C,37kRAQAAMAAJ,"The New York Times Parent's Guide to the Best Books for Children","kids dragon adventure early reader",nonfiction,"Education",464,false,false,,,,,,,"A selective guide to nearly 1,000 best books for children of all ages. Includes indexes."
Test C,AsAQEAAAQBAJ,"Savage Dragon #256","kids dragon adventure early reader",novel,"Comics & Graphic Novels",32,true,false,googlebooks_mature_content_not_allowed_for_kids,unknown,unknown,rejected_k2_independent_audience_or_format,googlebooks_mature_content_not_allowed_for_kids,,"""WAKE THE DEAD"" Bellco Chemicals has been working in secret to raise the dead. But things don't always go as planned, as their most successful test subject breaks free from his con"
Test C,SvkBCwAAQBAJ,"Savage Dragon #146","kids dragon adventure early reader",unknown,"Comics & Graphic Novels",32,false,false,,,,,,,"The Dragon is out to shut down Chicago's notorious criminal organization the Vicious Circle and that means breaking up speakeasies, bookie joints, gambling houses, fight clubs, nig"
Test C,XwACCwAAQBAJ,"Savage Dragon #179","kids dragon adventure early reader",unknown,"Comics & Graphic Novels",32,false,false,,,,,,,"""INVASION!"" Earth is overrun! Murderous aliens hellbent on earth's destruction walk the planet and Malcolm and Angel Dragon are powerless to stop them! Meanwhile, across the univer"
Test C,5gYIAQAAMAAJ,"Children's Software & New Media Revue","kids dragon adventure early reader",unknown,"Children's software",146,false,false,,,,,,,"... <b>Reader</b> Rabbit Toddler Deluxe , Riverdeep / The Learning Company , 800-716-8506 , $ 29.95 , ages 18 mos . - 3 yrs . , Win ; Mac MATH AND LOGIC Curious George Downtown <b>"
Test C,WoYjAQAAIAAJ,"Children's Writer's and Illustrator's Market, 1989","kids dragon adventure early reader",miscellany,"Language Arts & Disciplines",194,false,false,,,,,,,"Combines two key aspects of children's publishing--writing and illustrating--in a single volume of book-publishing and magazine markets and offers advice from professionals on the "
Test C,GZHTDgAAQBAJ,"Savage Dragon #224","kids dragon adventure early reader",unknown,"Comics & Graphic Novels",32,false,false,,,,,,,"""THE MERGING OF MULTIPLE EARTHS,"" Part Two Mr. Glum's devious plot to merge the multi-verse unfolds in its demented glory. Savage Dragon joins his son Malcolm Dragon in an effort t"
Test C,UYc5QTa3Rp0C,"Bulletin","kids dragon adventure early reader",public_domain_compilation,"Libraries",256,false,false,,,,,,,"... <b>reader</b> . Gowar , Edward . <b>Adventures</b> in Mother Goose land . Jackson , L. F. Hinky Pinky . John Martin&#39;s big book for little folk , no . 3 . Johnson , Clifton "
Test C,9XUVAAAAIAAJ,"New Books for Boys & Girls","kids dragon adventure early reader",unknown,"Children's literature",590,false,false,,,,,,,"... <b>children</b> return tamely to school while Captain Skip and Sinbad sail into the wide blue yonder - and doubtless into a new <b>adventure</b> ... <b>early reader</b> text.-J"