round,scopeFamily,requiredFamily,profileId,profileLabel,controlRunId,experimentalRunId,controlElapsedMs,experimentalElapsedMs,addedWallClockMs,controlEligibleTimeoutCount,retryAttemptCount,retrySuccessCount,recoveredRawDocs,recoveredAcceptedAfterSourcePolicy,recoveredFinalContribution,slowdownWindowObserved,hasRetrySuccess,slateChanged,titlesAddedCount,titlesDroppedCount,titlesReorderedCount
1,fantasy,fantasy,fantasy-high-epic,High epic fantasy,cf-control-fantasy-r1,cf-experimental-fantasy-r1,6277,3252,-3025,1,0,0,0,0,0,false,false,false,0,0,0
1,mystery_thriller,mystery/thriller,mystery-psychological-thriller,Psychological thriller mystery,cf-control-mystery_thriller-r1,cf-experimental-mystery_thriller-r1,488,301,-187,0,0,0,0,0,0,false,false,false,0,0,0
1,horror_paranormal,horror/paranormal,horror-supernatural-ghost,Supernatural and ghost horror,cf-control-horror_paranormal-r1,cf-experimental-horror_paranormal-r1,840,557,-283,0,0,0,0,0,0,false,false,false,0,0,0
1,speculative_scifi,speculative/science fiction,scifi-space-opera,Space opera science fiction,cf-control-speculative_scifi-r1,cf-experimental-speculative_scifi-r1,2146,1531,-615,0,0,0,0,0,0,false,false,false,0,0,0
1,contemporary,contemporary/romance,contemporary-coming-of-age,Coming-of-age contemporary,cf-control-contemporary-r1,cf-experimental-contemporary-r1,628,581,-47,0,0,0,0,0,0,false,false,false,0,0,0
1,romance,contemporary/romance,romance-contemporary-sweet,Sweet contemporary romance,cf-control-romance-r1,cf-experimental-romance-r1,798,838,40,0,0,0,0,0,0,false,false,false,0,0,0
1,adventure_historical,adventure/historical,historical-adventure-exploration,Historical adventure and exploration,cf-control-adventure_historical-r1,cf-experimental-adventure_historical-r1,2088,1892,-196,0,0,0,0,0,0,false,false,false,0,0,0
2,mystery_thriller,mystery/thriller,mystery-psychological-thriller,Psychological thriller mystery,cf-control-mystery_thriller-r2,cf-experimental-mystery_thriller-r2,534,194,-340,0,0,0,0,0,0,false,false,false,0,0,0
2,horror_paranormal,horror/paranormal,horror-supernatural-ghost,Supernatural and ghost horror,cf-control-horror_paranormal-r2,cf-experimental-horror_paranormal-r2,346,1292,946,0,0,0,0,0,0,false,false,false,0,0,0
2,speculative_scifi,speculative/science fiction,scifi-space-opera,Space opera science fiction,cf-control-speculative_scifi-r2,cf-experimental-speculative_scifi-r2,2394,1239,-1155,1,0,0,0,0,0,false,false,false,0,0,0
2,contemporary,contemporary/romance,contemporary-coming-of-age,Coming-of-age contemporary,cf-control-contemporary-r2,cf-experimental-contemporary-r2,1653,1052,-601,0,0,0,0,0,0,false,false,false,0,0,0
2,romance,contemporary/romance,romance-contemporary-sweet,Sweet contemporary romance,cf-control-romance-r2,cf-experimental-romance-r2,437,1355,918,0,0,0,0,0,0,false,false,false,0,0,0
2,adventure_historical,adventure/historical,historical-adventure-exploration,Historical adventure and exploration,cf-control-adventure_historical-r2,cf-experimental-adventure_historical-r2,3435,1581,-1854,0,0,0,0,0,0,false,false,false,0,0,0
2,fantasy,fantasy,fantasy-high-epic,High epic fantasy,cf-control-fantasy-r2,cf-experimental-fantasy-r2,5486,4803,-683,1,0,0,0,0,0,false,false,false,0,0,0
3,horror_paranormal,horror/paranormal,horror-supernatural-ghost,Supernatural and ghost horror,cf-control-horror_paranormal-r3,cf-experimental-horror_paranormal-r3,895,332,-563,0,0,0,0,0,0,false,false,false,0,0,0
3,speculative_scifi,speculative/science fiction,scifi-space-opera,Space opera science fiction,cf-control-speculative_scifi-r3,cf-experimental-speculative_scifi-r3,2588,985,-1603,0,0,0,0,0,0,false,false,false,0,0,0
3,contemporary,contemporary/romance,contemporary-coming-of-age,Coming-of-age contemporary,cf-control-contemporary-r3,cf-experimental-contemporary-r3,1378,1353,-25,0,0,0,0,0,0,false,false,false,0,0,0
3,romance,contemporary/romance,romance-contemporary-sweet,Sweet contemporary romance,cf-control-romance-r3,cf-experimental-romance-r3,1558,724,-834,0,0,0,0,0,0,false,false,false,0,0,0
3,adventure_historical,adventure/historical,historical-adventure-exploration,Historical adventure and exploration,cf-control-adventure_historical-r3,cf-experimental-adventure_historical-r3,1476,2022,546,0,0,0,0,0,0,false,false,false,0,0,0
3,fantasy,fantasy,fantasy-high-epic,High epic fantasy,cf-control-fantasy-r3,cf-experimental-fantasy-r3,6422,4456,-1966,0,0,0,0,0,0,false,false,false,0,0,0
3,mystery_thriller,mystery/thriller,mystery-psychological-thriller,Psychological thriller mystery,cf-control-mystery_thriller-r3,cf-experimental-mystery_thriller-r3,346,381,35,0,0,0,0,0,0,false,false,false,0,0,0
4,speculative_scifi,speculative/science fiction,scifi-space-opera,Space opera science fiction,cf-control-speculative_scifi-r4,cf-experimental-speculative_scifi-r4,930,1259,329,0,0,0,0,0,0,false,false,false,0,0,0
4,contemporary,contemporary/romance,contemporary-coming-of-age,Coming-of-age contemporary,cf-control-contemporary-r4,cf-experimental-contemporary-r4,1431,864,-567,0,0,0,0,0,0,false,false,false,0,0,0
4,romance,contemporary/romance,romance-contemporary-sweet,Sweet contemporary romance,cf-control-romance-r4,cf-experimental-romance-r4,925,668,-257,0,0,0,0,0,0,false,false,false,0,0,0
4,adventure_historical,adventure/historical,historical-adventure-exploration,Historical adventure and exploration,cf-control-adventure_historical-r4,cf-experimental-adventure_historical-r4,2117,1753,-364,0,0,0,0,0,0,false,false,false,0,0,0
4,fantasy,fantasy,fantasy-high-epic,High epic fantasy,cf-control-fantasy-r4,cf-experimental-fantasy-r4,4207,3758,-449,0,0,0,0,0,0,false,false,false,0,0,0
4,mystery_thriller,mystery/thriller,mystery-psychological-thriller,Psychological thriller mystery,cf-control-mystery_thriller-r4,cf-experimental-mystery_thriller-r4,473,581,108,0,0,0,0,0,0,false,false,false,0,0,0
4,horror_paranormal,horror/paranormal,horror-supernatural-ghost,Supernatural and ghost horror,cf-control-horror_paranormal-r4,cf-experimental-horror_paranormal-r4,818,958,140,0,0,0,0,0,0,false,false,false,0,0,0
5,contemporary,contemporary/romance,contemporary-coming-of-age,Coming-of-age contemporary,cf-control-contemporary-r5,cf-experimental-contemporary-r5,1373,497,-876,0,0,0,0,0,0,false,false,false,0,0,0
5,romance,contemporary/romance,romance-contemporary-sweet,Sweet contemporary romance,cf-control-romance-r5,cf-experimental-romance-r5,1020,913,-107,0,0,0,0,0,0,false,false,false,0,0,0
5,adventure_historical,adventure/historical,historical-adventure-exploration,Historical adventure and exploration,cf-control-adventure_historical-r5,cf-experimental-adventure_historical-r5,1687,1907,220,0,0,0,0,0,0,false,false,false,0,0,0
5,fantasy,fantasy,fantasy-high-epic,High epic fantasy,cf-control-fantasy-r5,cf-experimental-fantasy-r5,3276,2588,-688,0,0,0,0,0,0,false,false,false,0,0,0
5,mystery_thriller,mystery/thriller,mystery-psychological-thriller,Psychological thriller mystery,cf-control-mystery_thriller-r5,cf-experimental-mystery_thriller-r5,224,188,-36,0,0,0,0,0,0,false,false,false,0,0,0
5,horror_paranormal,horror/paranormal,horror-supernatural-ghost,Supernatural and ghost horror,cf-control-horror_paranormal-r5,cf-experimental-horror_paranormal-r5,397,499,102,0,0,0,0,0,0,false,false,false,0,0,0
5,speculative_scifi,speculative/science fiction,scifi-space-opera,Space opera science fiction,cf-control-speculative_scifi-r5,cf-experimental-speculative_scifi-r5,1045,735,-310,0,0,0,0,0,0,false,false,false,0,0,0
6,romance,contemporary/romance,romance-contemporary-sweet,Sweet contemporary romance,cf-control-romance-r6,cf-experimental-romance-r6,783,483,-300,0,0,0,0,0,0,false,false,false,0,0,0
6,adventure_historical,adventure/historical,historical-adventure-exploration,Historical adventure and exploration,cf-control-adventure_historical-r6,cf-experimental-adventure_historical-r6,1399,1999,600,0,0,0,0,0,0,false,false,false,0,0,0
6,fantasy,fantasy,fantasy-high-epic,High epic fantasy,cf-control-fantasy-r6,cf-experimental-fantasy-r6,3627,2412,-1215,0,0,0,0,0,0,false,false,false,0,0,0
6,mystery_thriller,mystery/thriller,mystery-psychological-thriller,Psychological thriller mystery,cf-control-mystery_thriller-r6,cf-experimental-mystery_thriller-r6,169,162,-7,0,0,0,0,0,0,false,false,false,0,0,0
6,horror_paranormal,horror/paranormal,horror-supernatural-ghost,Supernatural and ghost horror,cf-control-horror_paranormal-r6,cf-experimental-horror_paranormal-r6,298,838,540,0,0,0,0,0,0,false,false,false,0,0,0
6,speculative_scifi,speculative/science fiction,scifi-space-opera,Space opera science fiction,cf-control-speculative_scifi-r6,cf-experimental-speculative_scifi-r6,1028,1726,698,0,0,0,0,0,0,false,false,false,0,0,0
6,contemporary,contemporary/romance,contemporary-coming-of-age,Coming-of-age contemporary,cf-control-contemporary-r6,cf-experimental-contemporary-r6,616,622,6,0,0,0,0,0,0,false,false,false,0,0,0
7,adventure_historical,adventure/historical,historical-adventure-exploration,Historical adventure and exploration,cf-control-adventure_historical-r7,cf-experimental-adventure_historical-r7,1117,1219,102,0,0,0,0,0,0,false,false,false,0,0,0
7,fantasy,fantasy,fantasy-high-epic,High epic fantasy,cf-control-fantasy-r7,cf-experimental-fantasy-r7,1006,2831,1825,0,0,0,0,0,0,false,false,false,0,0,0
7,mystery_thriller,mystery/thriller,mystery-psychological-thriller,Psychological thriller mystery,cf-control-mystery_thriller-r7,cf-experimental-mystery_thriller-r7,325,337,12,0,0,0,0,0,0,false,false,false,0,0,0
7,horror_paranormal,horror/paranormal,horror-supernatural-ghost,Supernatural and ghost horror,cf-control-horror_paranormal-r7,cf-experimental-horror_paranormal-r7,470,1571,1101,0,0,0,0,0,0,false,false,false,0,0,0
7,speculative_scifi,speculative/science fiction,scifi-space-opera,Space opera science fiction,cf-control-speculative_scifi-r7,cf-experimental-speculative_scifi-r7,1515,1131,-384,0,0,0,0,0,0,false,false,false,0,0,0
7,contemporary,contemporary/romance,contemporary-coming-of-age,Coming-of-age contemporary,cf-control-contemporary-r7,cf-experimental-contemporary-r7,567,584,17,0,0,0,0,0,0,false,false,false,0,0,0
7,romance,contemporary/romance,romance-contemporary-sweet,Sweet contemporary romance,cf-control-romance-r7,cf-experimental-romance-r7,707,514,-193,0,0,0,0,0,0,false,false,false,0,0,0
8,fantasy,fantasy,fantasy-high-epic,High epic fantasy,cf-control-fantasy-r8,cf-experimental-fantasy-r8,1689,3915,2226,0,0,0,0,0,0,false,false,false,0,0,0
8,mystery_thriller,mystery/thriller,mystery-psychological-thriller,Psychological thriller mystery,cf-control-mystery_thriller-r8,cf-experimental-mystery_thriller-r8,294,648,354,0,0,0,0,0,0,false,false,false,0,0,0
8,horror_paranormal,horror/paranormal,horror-supernatural-ghost,Supernatural and ghost horror,cf-control-horror_paranormal-r8,cf-experimental-horror_paranormal-r8,845,939,94,0,0,0,0,0,0,false,false,false,0,0,0
8,speculative_scifi,speculative/science fiction,scifi-space-opera,Space opera science fiction,cf-control-speculative_scifi-r8,cf-experimental-speculative_scifi-r8,992,1730,738,0,0,0,0,0,0,false,false,false,0,0,0
8,contemporary,contemporary/romance,contemporary-coming-of-age,Coming-of-age contemporary,cf-control-contemporary-r8,cf-experimental-contemporary-r8,1145,1708,563,0,0,0,0,0,0,false,false,false,0,0,0
8,romance,contemporary/romance,romance-contemporary-sweet,Sweet contemporary romance,cf-control-romance-r8,cf-experimental-romance-r8,1218,1046,-172,0,0,0,0,0,0,false,false,false,0,0,0
8,adventure_historical,adventure/historical,historical-adventure-exploration,Historical adventure and exploration,cf-control-adventure_historical-r8,cf-experimental-adventure_historical-r8,2230,1744,-486,0,0,0,0,0,0,false,false,false,0,0,0
9,mystery_thriller,mystery/thriller,mystery-psychological-thriller,Psychological thriller mystery,cf-control-mystery_thriller-r9,cf-experimental-mystery_thriller-r9,161,117,-44,0,0,0,0,0,0,false,false,false,0,0,0
9,horror_paranormal,horror/paranormal,horror-supernatural-ghost,Supernatural and ghost horror,cf-control-horror_paranormal-r9,cf-experimental-horror_paranormal-r9,845,974,129,0,0,0,0,0,0,false,false,false,0,0,0
9,speculative_scifi,speculative/science fiction,scifi-space-opera,Space opera science fiction,cf-control-speculative_scifi-r9,cf-experimental-speculative_scifi-r9,831,1007,176,0,0,0,0,0,0,false,false,false,0,0,0
9,contemporary,contemporary/romance,contemporary-coming-of-age,Coming-of-age contemporary,cf-control-contemporary-r9,cf-experimental-contemporary-r9,929,757,-172,0,0,0,0,0,0,false,false,false,0,0,0
9,romance,contemporary/romance,romance-contemporary-sweet,Sweet contemporary romance,cf-control-romance-r9,cf-experimental-romance-r9,655,318,-337,0,0,0,0,0,0,false,false,false,0,0,0
9,adventure_historical,adventure/historical,historical-adventure-exploration,Historical adventure and exploration,cf-control-adventure_historical-r9,cf-experimental-adventure_historical-r9,1235,1117,-118,0,0,0,0,0,0,false,false,false,0,0,0
9,fantasy,fantasy,fantasy-high-epic,High epic fantasy,cf-control-fantasy-r9,cf-experimental-fantasy-r9,4138,4714,576,0,0,0,0,0,0,false,false,false,0,0,0
10,horror_paranormal,horror/paranormal,horror-supernatural-ghost,Supernatural and ghost horror,cf-control-horror_paranormal-r10,cf-experimental-horror_paranormal-r10,1281,436,-845,0,0,0,0,0,0,false,false,false,0,0,0
10,speculative_scifi,speculative/science fiction,scifi-space-opera,Space opera science fiction,cf-control-speculative_scifi-r10,cf-experimental-speculative_scifi-r10,696,687,-9,0,0,0,0,0,0,false,false,false,0,0,0
10,contemporary,contemporary/romance,contemporary-coming-of-age,Coming-of-age contemporary,cf-control-contemporary-r10,cf-experimental-contemporary-r10,580,662,82,0,0,0,0,0,0,false,false,false,0,0,0
10,romance,contemporary/romance,romance-contemporary-sweet,Sweet contemporary romance,cf-control-romance-r10,cf-experimental-romance-r10,548,464,-84,0,0,0,0,0,0,false,false,false,0,0,0
10,adventure_historical,adventure/historical,historical-adventure-exploration,Historical adventure and exploration,cf-control-adventure_historical-r10,cf-experimental-adventure_historical-r10,1182,1761,579,0,0,0,0,0,0,false,false,false,0,0,0
10,fantasy,fantasy,fantasy-high-epic,High epic fantasy,cf-control-fantasy-r10,cf-experimental-fantasy-r10,2600,1703,-897,0,0,0,0,0,0,false,false,false,0,0,0
10,mystery_thriller,mystery/thriller,mystery-psychological-thriller,Psychological thriller mystery,cf-control-mystery_thriller-r10,cf-experimental-mystery_thriller-r10,158,143,-15,0,0,0,0,0,0,false,false,false,0,0,0
11,speculative_scifi,speculative/science fiction,scifi-space-opera,Space opera science fiction,cf-control-speculative_scifi-r11,cf-experimental-speculative_scifi-r11,1218,1207,-11,0,0,0,0,0,0,false,false,false,0,0,0
11,contemporary,contemporary/romance,contemporary-coming-of-age,Coming-of-age contemporary,cf-control-contemporary-r11,cf-experimental-contemporary-r11,1002,1155,153,0,0,0,0,0,0,false,false,false,0,0,0
11,romance,contemporary/romance,romance-contemporary-sweet,Sweet contemporary romance,cf-control-romance-r11,cf-experimental-romance-r11,685,404,-281,0,0,0,0,0,0,false,false,false,0,0,0
11,adventure_historical,adventure/historical,historical-adventure-exploration,Historical adventure and exploration,cf-control-adventure_historical-r11,cf-experimental-adventure_historical-r11,906,1382,476,0,0,0,0,0,0,false,false,false,0,0,0
11,fantasy,fantasy,fantasy-high-epic,High epic fantasy,cf-control-fantasy-r11,cf-experimental-fantasy-r11,2331,2768,437,0,0,0,0,0,0,false,false,false,0,0,0
11,mystery_thriller,mystery/thriller,mystery-psychological-thriller,Psychological thriller mystery,cf-control-mystery_thriller-r11,cf-experimental-mystery_thriller-r11,102,171,69,0,0,0,0,0,0,false,false,false,0,0,0
11,horror_paranormal,horror/paranormal,horror-supernatural-ghost,Supernatural and ghost horror,cf-control-horror_paranormal-r11,cf-experimental-horror_paranormal-r11,767,1071,304,0,0,0,0,0,0,false,false,false,0,0,0
12,contemporary,contemporary/romance,contemporary-coming-of-age,Coming-of-age contemporary,cf-control-contemporary-r12,cf-experimental-contemporary-r12,646,616,-30,0,0,0,0,0,0,false,false,false,0,0,0
12,romance,contemporary/romance,romance-contemporary-sweet,Sweet contemporary romance,cf-control-romance-r12,cf-experimental-romance-r12,682,649,-33,0,0,0,0,0,0,false,false,false,0,0,0
12,adventure_historical,adventure/historical,historical-adventure-exploration,Historical adventure and exploration,cf-control-adventure_historical-r12,cf-experimental-adventure_historical-r12,999,1128,129,0,0,0,0,0,0,false,false,false,0,0,0
12,fantasy,fantasy,fantasy-high-epic,High epic fantasy,cf-control-fantasy-r12,cf-experimental-fantasy-r12,2114,3391,1277,0,0,0,0,0,0,false,false,false,0,0,0
12,mystery_thriller,mystery/thriller,mystery-psychological-thriller,Psychological thriller mystery,cf-control-mystery_thriller-r12,cf-experimental-mystery_thriller-r12,226,233,7,0,0,0,0,0,0,false,false,false,0,0,0
12,horror_paranormal,horror/paranormal,horror-supernatural-ghost,Supernatural and ghost horror,cf-control-horror_paranormal-r12,cf-experimental-horror_paranormal-r12,543,284,-259,0,0,0,0,0,0,false,false,false,0,0,0
12,speculative_scifi,speculative/science fiction,scifi-space-opera,Space opera science fiction,cf-control-speculative_scifi-r12,cf-experimental-speculative_scifi-r12,1026,967,-59,0,0,0,0,0,0,false,false,false,0,0,0
13,romance,contemporary/romance,romance-contemporary-sweet,Sweet contemporary romance,cf-control-romance-r13,cf-experimental-romance-r13,404,326,-78,0,0,0,0,0,0,false,false,false,0,0,0
13,adventure_historical,adventure/historical,historical-adventure-exploration,Historical adventure and exploration,cf-control-adventure_historical-r13,cf-experimental-adventure_historical-r13,701,607,-94,0,0,0,0,0,0,false,false,false,0,0,0
13,fantasy,fantasy,fantasy-high-epic,High epic fantasy,cf-control-fantasy-r13,cf-experimental-fantasy-r13,2868,1826,-1042,0,0,0,0,0,0,false,false,false,0,0,0
13,mystery_thriller,mystery/thriller,mystery-psychological-thriller,Psychological thriller mystery,cf-control-mystery_thriller-r13,cf-experimental-mystery_thriller-r13,317,167,-150,0,0,0,0,0,0,false,false,false,0,0,0
13,horror_paranormal,horror/paranormal,horror-supernatural-ghost,Supernatural and ghost horror,cf-control-horror_paranormal-r13,cf-experimental-horror_paranormal-r13,1221,483,-738,0,0,0,0,0,0,false,false,false,0,0,0
13,speculative_scifi,speculative/science fiction,scifi-space-opera,Space opera science fiction,cf-control-speculative_scifi-r13,cf-experimental-speculative_scifi-r13,978,541,-437,0,0,0,0,0,0,false,false,false,0,0,0
13,contemporary,contemporary/romance,contemporary-coming-of-age,Coming-of-age contemporary,cf-control-contemporary-r13,cf-experimental-contemporary-r13,1135,1428,293,0,0,0,0,0,0,false,false,false,0,0,0
14,adventure_historical,adventure/historical,historical-adventure-exploration,Historical adventure and exploration,cf-control-adventure_historical-r14,cf-experimental-adventure_historical-r14,3193,1008,-2185,0,0,0,0,0,0,false,false,false,0,0,0
14,fantasy,fantasy,fantasy-high-epic,High epic fantasy,cf-control-fantasy-r14,cf-experimental-fantasy-r14,2167,1327,-840,0,0,0,0,0,0,false,false,false,0,0,0
14,mystery_thriller,mystery/thriller,mystery-psychological-thriller,Psychological thriller mystery,cf-control-mystery_thriller-r14,cf-experimental-mystery_thriller-r14,113,572,459,0,0,0,0,0,0,false,false,false,0,0,0
14,horror_paranormal,horror/paranormal,horror-supernatural-ghost,Supernatural and ghost horror,cf-control-horror_paranormal-r14,cf-experimental-horror_paranormal-r14,659,371,-288,0,0,0,0,0,0,false,false,false,0,0,0
14,speculative_scifi,speculative/science fiction,scifi-space-opera,Space opera science fiction,cf-control-speculative_scifi-r14,cf-experimental-speculative_scifi-r14,1557,857,-700,0,0,0,0,0,0,false,false,false,0,0,0
14,contemporary,contemporary/romance,contemporary-coming-of-age,Coming-of-age contemporary,cf-control-contemporary-r14,cf-experimental-contemporary-r14,1368,537,-831,0,0,0,0,0,0,false,false,false,0,0,0
14,romance,contemporary/romance,romance-contemporary-sweet,Sweet contemporary romance,cf-control-romance-r14,cf-experimental-romance-r14,586,495,-91,0,0,0,0,0,0,false,false,false,0,0,0
15,fantasy,fantasy,fantasy-high-epic,High epic fantasy,cf-control-fantasy-r15,cf-experimental-fantasy-r15,2482,1134,-1348,0,0,0,0,0,0,false,false,false,0,0,0
15,mystery_thriller,mystery/thriller,mystery-psychological-thriller,Psychological thriller mystery,cf-control-mystery_thriller-r15,cf-experimental-mystery_thriller-r15,138,161,23,0,0,0,0,0,0,false,false,false,0,0,0
15,horror_paranormal,horror/paranormal,horror-supernatural-ghost,Supernatural and ghost horror,cf-control-horror_paranormal-r15,cf-experimental-horror_paranormal-r15,509,312,-197,0,0,0,0,0,0,false,false,false,0,0,0
15,speculative_scifi,speculative/science fiction,scifi-space-opera,Space opera science fiction,cf-control-speculative_scifi-r15,cf-experimental-speculative_scifi-r15,706,527,-179,0,0,0,0,0,0,false,false,false,0,0,0
15,contemporary,contemporary/romance,contemporary-coming-of-age,Coming-of-age contemporary,cf-control-contemporary-r15,cf-experimental-contemporary-r15,520,1865,1345,0,0,0,0,0,0,false,false,false,0,0,0
15,romance,contemporary/romance,romance-contemporary-sweet,Sweet contemporary romance,cf-control-romance-r15,cf-experimental-romance-r15,400,599,199,0,0,0,0,0,0,false,false,false,0,0,0
15,adventure_historical,adventure/historical,historical-adventure-exploration,Historical adventure and exploration,cf-control-adventure_historical-r15,cf-experimental-adventure_historical-r15,1680,765,-915,0,0,0,0,0,0,false,false,false,0,0,0
16,mystery_thriller,mystery/thriller,mystery-psychological-thriller,Psychological thriller mystery,cf-control-mystery_thriller-r16,cf-experimental-mystery_thriller-r16,131,208,77,0,0,0,0,0,0,false,false,false,0,0,0
16,horror_paranormal,horror/paranormal,horror-supernatural-ghost,Supernatural and ghost horror,cf-control-horror_paranormal-r16,cf-experimental-horror_paranormal-r16,481,356,-125,0,0,0,0,0,0,false,false,false,0,0,0
16,speculative_scifi,speculative/science fiction,scifi-space-opera,Space opera science fiction,cf-control-speculative_scifi-r16,cf-experimental-speculative_scifi-r16,482,4686,4204,0,1,1,8,0,0,false,true,false,0,0,0
16,contemporary,contemporary/romance,contemporary-coming-of-age,Coming-of-age contemporary,cf-control-contemporary-r16,cf-experimental-contemporary-r16,726,493,-233,0,0,0,0,0,0,false,false,false,0,0,0
16,romance,contemporary/romance,romance-contemporary-sweet,Sweet contemporary romance,cf-control-romance-r16,cf-experimental-romance-r16,1754,323,-1431,0,0,0,0,0,0,false,false,false,0,0,0
16,adventure_historical,adventure/historical,historical-adventure-exploration,Historical adventure and exploration,cf-control-adventure_historical-r16,cf-experimental-adventure_historical-r16,884,2617,1733,0,0,0,0,0,0,false,false,false,0,0,0
16,fantasy,fantasy,fantasy-high-epic,High epic fantasy,cf-control-fantasy-r16,cf-experimental-fantasy-r16,2627,2595,-32,0,0,0,0,0,0,false,false,false,0,0,0
17,horror_paranormal,horror/paranormal,horror-supernatural-ghost,Supernatural and ghost horror,cf-control-horror_paranormal-r17,cf-experimental-horror_paranormal-r17,326,549,223,0,0,0,0,0,0,false,false,false,0,0,0
17,speculative_scifi,speculative/science fiction,scifi-space-opera,Space opera science fiction,cf-control-speculative_scifi-r17,cf-experimental-speculative_scifi-r17,951,541,-410,0,0,0,0,0,0,false,false,false,0,0,0
17,contemporary,contemporary/romance,contemporary-coming-of-age,Coming-of-age contemporary,cf-control-contemporary-r17,cf-experimental-contemporary-r17,920,595,-325,0,0,0,0,0,0,false,false,false,0,0,0
17,romance,contemporary/romance,romance-contemporary-sweet,Sweet contemporary romance,cf-control-romance-r17,cf-experimental-romance-r17,811,569,-242,0,0,0,0,0,0,false,false,false,0,0,0
17,adventure_historical,adventure/historical,historical-adventure-exploration,Historical adventure and exploration,cf-control-adventure_historical-r17,cf-experimental-adventure_historical-r17,1931,1931,0,0,0,0,0,0,0,false,false,false,0,0,0
17,fantasy,fantasy,fantasy-high-epic,High epic fantasy,cf-control-fantasy-r17,cf-experimental-fantasy-r17,1454,3394,1940,0,0,0,0,0,0,false,false,false,0,0,0
17,mystery_thriller,mystery/thriller,mystery-psychological-thriller,Psychological thriller mystery,cf-control-mystery_thriller-r17,cf-experimental-mystery_thriller-r17,483,490,7,0,0,0,0,0,0,false,false,false,0,0,0
18,speculative_scifi,speculative/science fiction,scifi-space-opera,Space opera science fiction,cf-control-speculative_scifi-r18,cf-experimental-speculative_scifi-r18,1346,946,-400,0,0,0,0,0,0,false,false,false,0,0,0
18,contemporary,contemporary/romance,contemporary-coming-of-age,Coming-of-age contemporary,cf-control-contemporary-r18,cf-experimental-contemporary-r18,1193,958,-235,0,0,0,0,0,0,false,false,false,0,0,0
18,romance,contemporary/romance,romance-contemporary-sweet,Sweet contemporary romance,cf-control-romance-r18,cf-experimental-romance-r18,670,1045,375,0,0,0,0,0,0,false,false,false,0,0,0
18,adventure_historical,adventure/historical,historical-adventure-exploration,Historical adventure and exploration,cf-control-adventure_historical-r18,cf-experimental-adventure_historical-r18,2126,1008,-1118,0,0,0,0,0,0,false,false,false,0,0,0
18,fantasy,fantasy,fantasy-high-epic,High epic fantasy,cf-control-fantasy-r18,cf-experimental-fantasy-r18,1666,3222,1556,0,0,0,0,0,0,false,false,false,0,0,0
18,mystery_thriller,mystery/thriller,mystery-psychological-thriller,Psychological thriller mystery,cf-control-mystery_thriller-r18,cf-experimental-mystery_thriller-r18,877,186,-691,0,0,0,0,0,0,false,false,false,0,0,0
18,horror_paranormal,horror/paranormal,horror-supernatural-ghost,Supernatural and ghost horror,cf-control-horror_paranormal-r18,cf-experimental-horror_paranormal-r18,246,680,434,0,0,0,0,0,0,false,false,false,0,0,0
19,contemporary,contemporary/romance,contemporary-coming-of-age,Coming-of-age contemporary,cf-control-contemporary-r19,cf-experimental-contemporary-r19,379,376,-3,0,0,0,0,0,0,false,false,false,0,0,0
19,romance,contemporary/romance,romance-contemporary-sweet,Sweet contemporary romance,cf-control-romance-r19,cf-experimental-romance-r19,260,198,-62,0,0,0,0,0,0,false,false,false,0,0,0
19,adventure_historical,adventure/historical,historical-adventure-exploration,Historical adventure and exploration,cf-control-adventure_historical-r19,cf-experimental-adventure_historical-r19,942,704,-238,0,0,0,0,0,0,false,false,false,0,0,0
19,fantasy,fantasy,fantasy-high-epic,High epic fantasy,cf-control-fantasy-r19,cf-experimental-fantasy-r19,2968,2341,-627,0,0,0,0,0,0,false,false,false,0,0,0
19,mystery_thriller,mystery/thriller,mystery-psychological-thriller,Psychological thriller mystery,cf-control-mystery_thriller-r19,cf-experimental-mystery_thriller-r19,439,176,-263,0,0,0,0,0,0,false,false,false,0,0,0
19,horror_paranormal,horror/paranormal,horror-supernatural-ghost,Supernatural and ghost horror,cf-control-horror_paranormal-r19,cf-experimental-horror_paranormal-r19,309,244,-65,0,0,0,0,0,0,false,false,false,0,0,0
19,speculative_scifi,speculative/science fiction,scifi-space-opera,Space opera science fiction,cf-control-speculative_scifi-r19,cf-experimental-speculative_scifi-r19,2206,913,-1293,1,0,0,0,0,0,false,false,false,0,0,0
20,romance,contemporary/romance,romance-contemporary-sweet,Sweet contemporary romance,cf-control-romance-r20,cf-experimental-romance-r20,431,499,68,0,0,0,0,0,0,false,false,false,0,0,0
20,adventure_historical,adventure/historical,historical-adventure-exploration,Historical adventure and exploration,cf-control-adventure_historical-r20,cf-experimental-adventure_historical-r20,1119,1203,84,0,0,0,0,0,0,false,false,false,0,0,0
20,fantasy,fantasy,fantasy-high-epic,High epic fantasy,cf-control-fantasy-r20,cf-experimental-fantasy-r20,2528,1402,-1126,0,0,0,0,0,0,false,false,false,0,0,0
20,mystery_thriller,mystery/thriller,mystery-psychological-thriller,Psychological thriller mystery,cf-control-mystery_thriller-r20,cf-experimental-mystery_thriller-r20,99,75,-24,0,0,0,0,0,0,false,false,false,0,0,0
20,horror_paranormal,horror/paranormal,horror-supernatural-ghost,Supernatural and ghost horror,cf-control-horror_paranormal-r20,cf-experimental-horror_paranormal-r20,977,528,-449,0,0,0,0,0,0,false,false,false,0,0,0
20,speculative_scifi,speculative/science fiction,scifi-space-opera,Space opera science fiction,cf-control-speculative_scifi-r20,cf-experimental-speculative_scifi-r20,687,390,-297,0,0,0,0,0,0,false,false,false,0,0,0
20,contemporary,contemporary/romance,contemporary-coming-of-age,Coming-of-age contemporary,cf-control-contemporary-r20,cf-experimental-contemporary-r20,603,518,-85,0,0,0,0,0,0,false,false,false,0,0,0
21,adventure_historical,adventure/historical,historical-adventure-exploration,Historical adventure and exploration,cf-control-adventure_historical-r21,cf-experimental-adventure_historical-r21,1851,1145,-706,0,0,0,0,0,0,false,false,false,0,0,0
21,fantasy,fantasy,fantasy-high-epic,High epic fantasy,cf-control-fantasy-r21,cf-experimental-fantasy-r21,2784,4432,1648,0,0,0,0,0,0,false,false,false,0,0,0
21,mystery_thriller,mystery/thriller,mystery-psychological-thriller,Psychological thriller mystery,cf-control-mystery_thriller-r21,cf-experimental-mystery_thriller-r21,89,152,63,0,0,0,0,0,0,false,false,false,0,0,0
21,horror_paranormal,horror/paranormal,horror-supernatural-ghost,Supernatural and ghost horror,cf-control-horror_paranormal-r21,cf-experimental-horror_paranormal-r21,597,1119,522,0,0,0,0,0,0,false,false,false,0,0,0
21,speculative_scifi,speculative/science fiction,scifi-space-opera,Space opera science fiction,cf-control-speculative_scifi-r21,cf-experimental-speculative_scifi-r21,664,705,41,0,0,0,0,0,0,false,false,false,0,0,0
21,contemporary,contemporary/romance,contemporary-coming-of-age,Coming-of-age contemporary,cf-control-contemporary-r21,cf-experimental-contemporary-r21,555,531,-24,0,0,0,0,0,0,false,false,false,0,0,0
21,romance,contemporary/romance,romance-contemporary-sweet,Sweet contemporary romance,cf-control-romance-r21,cf-experimental-romance-r21,349,192,-157,0,0,0,0,0,0,false,false,false,0,0,0
22,fantasy,fantasy,fantasy-high-epic,High epic fantasy,cf-control-fantasy-r22,cf-experimental-fantasy-r22,2653,1969,-684,0,0,0,0,0,0,false,false,false,0,0,0
22,mystery_thriller,mystery/thriller,mystery-psychological-thriller,Psychological thriller mystery,cf-control-mystery_thriller-r22,cf-experimental-mystery_thriller-r22,174,209,35,0,0,0,0,0,0,false,false,false,0,0,0
22,horror_paranormal,horror/paranormal,horror-supernatural-ghost,Supernatural and ghost horror,cf-control-horror_paranormal-r22,cf-experimental-horror_paranormal-r22,516,658,142,0,0,0,0,0,0,false,false,false,0,0,0
22,speculative_scifi,speculative/science fiction,scifi-space-opera,Space opera science fiction,cf-control-speculative_scifi-r22,cf-experimental-speculative_scifi-r22,1090,455,-635,0,0,0,0,0,0,false,false,false,0,0,0
22,contemporary,contemporary/romance,contemporary-coming-of-age,Coming-of-age contemporary,cf-control-contemporary-r22,cf-experimental-contemporary-r22,516,773,257,0,0,0,0,0,0,false,false,false,0,0,0
22,romance,contemporary/romance,romance-contemporary-sweet,Sweet contemporary romance,cf-control-romance-r22,cf-experimental-romance-r22,303,365,62,0,0,0,0,0,0,false,false,false,0,0,0
22,adventure_historical,adventure/historical,historical-adventure-exploration,Historical adventure and exploration,cf-control-adventure_historical-r22,cf-experimental-adventure_historical-r22,1295,1979,684,0,0,0,0,0,0,false,false,false,0,0,0
23,mystery_thriller,mystery/thriller,mystery-psychological-thriller,Psychological thriller mystery,cf-control-mystery_thriller-r23,cf-experimental-mystery_thriller-r23,304,212,-92,0,0,0,0,0,0,false,false,false,0,0,0
23,horror_paranormal,horror/paranormal,horror-supernatural-ghost,Supernatural and ghost horror,cf-control-horror_paranormal-r23,cf-experimental-horror_paranormal-r23,354,614,260,0,0,0,0,0,0,false,false,false,0,0,0
23,speculative_scifi,speculative/science fiction,scifi-space-opera,Space opera science fiction,cf-control-speculative_scifi-r23,cf-experimental-speculative_scifi-r23,498,837,339,0,0,0,0,0,0,false,false,false,0,0,0
23,contemporary,contemporary/romance,contemporary-coming-of-age,Coming-of-age contemporary,cf-control-contemporary-r23,cf-experimental-contemporary-r23,687,685,-2,0,0,0,0,0,0,false,false,false,0,0,0
23,romance,contemporary/romance,romance-contemporary-sweet,Sweet contemporary romance,cf-control-romance-r23,cf-experimental-romance-r23,487,641,154,0,0,0,0,0,0,false,false,false,0,0,0
23,adventure_historical,adventure/historical,historical-adventure-exploration,Historical adventure and exploration,cf-control-adventure_historical-r23,cf-experimental-adventure_historical-r23,1598,1351,-247,0,0,0,0,0,0,false,false,false,0,0,0
23,fantasy,fantasy,fantasy-high-epic,High epic fantasy,cf-control-fantasy-r23,cf-experimental-fantasy-r23,3128,2335,-793,1,0,0,0,0,0,false,false,false,0,0,0
24,horror_paranormal,horror/paranormal,horror-supernatural-ghost,Supernatural and ghost horror,cf-control-horror_paranormal-r24,cf-experimental-horror_paranormal-r24,515,521,6,0,0,0,0,0,0,false,false,false,0,0,0
24,speculative_scifi,speculative/science fiction,scifi-space-opera,Space opera science fiction,cf-control-speculative_scifi-r24,cf-experimental-speculative_scifi-r24,781,982,201,0,0,0,0,0,0,false,false,false,0,0,0
24,contemporary,contemporary/romance,contemporary-coming-of-age,Coming-of-age contemporary,cf-control-contemporary-r24,cf-experimental-contemporary-r24,382,739,357,0,0,0,0,0,0,false,false,false,0,0,0
24,romance,contemporary/romance,romance-contemporary-sweet,Sweet contemporary romance,cf-control-romance-r24,cf-experimental-romance-r24,230,380,150,0,0,0,0,0,0,false,false,false,0,0,0
24,adventure_historical,adventure/historical,historical-adventure-exploration,Historical adventure and exploration,cf-control-adventure_historical-r24,cf-experimental-adventure_historical-r24,1609,2200,591,0,0,0,0,0,0,false,false,false,0,0,0
24,fantasy,fantasy,fantasy-high-epic,High epic fantasy,cf-control-fantasy-r24,cf-experimental-fantasy-r24,4047,2619,-1428,1,0,0,0,0,0,false,false,false,0,0,0
24,mystery_thriller,mystery/thriller,mystery-psychological-thriller,Psychological thriller mystery,cf-control-mystery_thriller-r24,cf-experimental-mystery_thriller-r24,93,140,47,0,0,0,0,0,0,false,false,false,0,0,0
